生技醫療類指數,觀光類指數,time
67.05,97.33,2020-12-31 09:00:00
67.03,97.14,2020-12-31 09:30:00
67.09,97.06,2020-12-31 10:00:00
67.16,97.12,2020-12-31 10:30:00
67.19,96.9,2020-12-31 11:00:00
67.22,97.02,2020-12-31 11:30:00
67.34,97.08,2020-12-31 12:00:00
67.26,97.27,2020-12-31 12:30:00
67.15,97.2,2020-12-31 13:00:00
67.01,97.93,2020-12-31 13:30:00
66.36,96.82,2020-12-30 09:00:00
66.9,97.04,2020-12-30 09:30:00
67.04,96.96,2020-12-30 10:00:00
66.95,96.68,2020-12-30 10:30:00
66.93,96.9,2020-12-30 11:00:00
66.84,96.93,2020-12-30 11:30:00
67.03,97.07,2020-12-30 12:00:00
67.01,96.95,2020-12-30 12:30:00
67.06,97.12,2020-12-30 13:00:00
67.05,97.33,2020-12-30 13:30:00
66.68,97.05,2020-12-29 09:00:00
66.54,97.47,2020-12-29 09:30:00
66.53,97.6,2020-12-29 10:00:00
66.38,97.37,2020-12-29 10:30:00
66.38,97.45,2020-12-29 11:00:00
66.33,97.3,2020-12-29 11:30:00
66.29,97.04,2020-12-29 12:00:00
66.19,96.87,2020-12-29 12:30:00
66.4,96.9,2020-12-29 13:00:00
66.36,96.82,2020-12-29 13:30:00
66.81,97.26,2020-12-28 09:00:00
67.0,96.78,2020-12-28 09:30:00
66.87,97.0,2020-12-28 10:00:00
66.74,97.04,2020-12-28 10:30:00
66.79,97.13,2020-12-28 11:00:00
66.71,97.03,2020-12-28 11:30:00
66.68,96.72,2020-12-28 12:00:00
66.68,96.82,2020-12-28 12:30:00
66.71,96.97,2020-12-28 13:00:00
66.68,97.05,2020-12-28 13:30:00
67.12,97.38,2020-12-25 09:00:00
66.94,97.5,2020-12-25 09:30:00
67.08,97.37,2020-12-25 10:00:00
66.99,97.45,2020-12-25 10:30:00
67.02,97.38,2020-12-25 11:00:00
66.88,97.06,2020-12-25 11:30:00
66.74,96.94,2020-12-25 12:00:00
66.75,96.94,2020-12-25 12:30:00
66.77,96.9,2020-12-25 13:00:00
66.81,97.26,2020-12-25 13:30:00
67.55,97.91,2020-12-24 09:00:00
67.03,98.17,2020-12-24 09:30:00
67.19,98.01,2020-12-24 10:00:00
67.29,98.03,2020-12-24 10:30:00
67.17,98.14,2020-12-24 11:00:00
67.21,97.97,2020-12-24 11:30:00
67.0,97.85,2020-12-24 12:00:00
66.91,97.64,2020-12-24 12:30:00
67.09,97.4,2020-12-24 13:00:00
67.12,97.38,2020-12-24 13:30:00
67.75,97.68,2020-12-23 09:00:00
68.21,96.68,2020-12-23 09:30:00
67.9,97.3,2020-12-23 10:00:00
67.76,96.9,2020-12-23 10:30:00
67.77,97.0,2020-12-23 11:00:00
67.84,97.26,2020-12-23 11:30:00
67.76,97.64,2020-12-23 12:00:00
67.71,97.62,2020-12-23 12:30:00
67.66,97.67,2020-12-23 13:00:00
67.55,97.91,2020-12-23 13:30:00
67.77,100.67,2020-12-22 09:00:00
67.75,100.35,2020-12-22 09:30:00
67.86,99.94,2020-12-22 10:00:00
67.8,99.84,2020-12-22 10:30:00
67.61,99.79,2020-12-22 11:00:00
67.49,100.0,2020-12-22 11:30:00
67.41,100.24,2020-12-22 12:00:00
67.32,99.99,2020-12-22 12:30:00
67.67,99.31,2020-12-22 13:00:00
67.75,97.68,2020-12-22 13:30:00
67.68,101.72,2020-12-21 09:00:00
67.68,101.07,2020-12-21 09:30:00
67.99,100.89,2020-12-21 10:00:00
68.05,101.12,2020-12-21 10:30:00
67.98,100.7,2020-12-21 11:00:00
67.97,100.94,2020-12-21 11:30:00
67.99,101.0,2020-12-21 12:00:00
67.93,100.99,2020-12-21 12:30:00
67.87,100.73,2020-12-21 13:00:00
67.77,100.67,2020-12-21 13:30:00
67.66,100.96,2020-12-18 09:00:00
67.9,102.05,2020-12-18 09:30:00
67.92,101.3,2020-12-18 10:00:00
67.86,101.46,2020-12-18 10:30:00
67.68,101.73,2020-12-18 11:00:00
67.73,101.51,2020-12-18 11:30:00
67.63,101.67,2020-12-18 12:00:00
67.63,101.46,2020-12-18 12:30:00
67.79,101.66,2020-12-18 13:00:00
67.68,101.72,2020-12-18 13:30:00
67.74,101.9,2020-12-17 09:00:00
67.91,100.04,2020-12-17 09:30:00
67.77,100.01,2020-12-17 10:00:00
67.82,99.92,2020-12-17 10:30:00
67.92,100.07,2020-12-17 11:00:00
67.87,100.36,2020-12-17 11:30:00
67.71,101.03,2020-12-17 12:00:00
67.57,101.27,2020-12-17 12:30:00
67.62,101.05,2020-12-17 13:00:00
67.66,100.96,2020-12-17 13:30:00
66.49,99.0,2020-12-16 09:00:00
66.85,99.65,2020-12-16 09:30:00
66.75,99.71,2020-12-16 10:00:00
66.98,99.54,2020-12-16 10:30:00
67.36,100.36,2020-12-16 11:00:00
67.6,100.25,2020-12-16 11:30:00
67.92,100.58,2020-12-16 12:00:00
67.66,100.78,2020-12-16 12:30:00
67.67,101.01,2020-12-16 13:00:00
67.74,101.9,2020-12-16 13:30:00
67.29,99.36,2020-12-15 09:00:00
67.36,99.27,2020-12-15 09:30:00
67.13,99.43,2020-12-15 10:00:00
67.01,99.31,2020-12-15 10:30:00
66.95,99.2,2020-12-15 11:00:00
66.82,99.18,2020-12-15 11:30:00
66.82,99.28,2020-12-15 12:00:00
66.71,98.94,2020-12-15 12:30:00
66.67,99.02,2020-12-15 13:00:00
66.49,99.0,2020-12-15 13:30:00
66.89,98.77,2020-12-14 09:00:00
67.34,98.99,2020-12-14 09:30:00
67.41,98.98,2020-12-14 10:00:00
67.34,99.04,2020-12-14 10:30:00
67.26,99.27,2020-12-14 11:00:00
67.41,99.17,2020-12-14 11:30:00
67.33,99.17,2020-12-14 12:00:00
67.37,99.28,2020-12-14 12:30:00
67.35,99.3,2020-12-14 13:00:00
67.29,99.36,2020-12-14 13:30:00
67.93,99.43,2020-12-11 09:00:00
67.7,99.24,2020-12-11 09:30:00
67.4,98.99,2020-12-11 10:00:00
67.34,98.68,2020-12-11 10:30:00
66.82,98.19,2020-12-11 11:00:00
66.55,97.99,2020-12-11 11:30:00
66.72,98.54,2020-12-11 12:00:00
66.74,98.43,2020-12-11 12:30:00
66.94,98.26,2020-12-11 13:00:00
66.89,98.77,2020-12-11 13:30:00
67.94,99.99,2020-12-10 09:00:00
68.07,99.14,2020-12-10 09:30:00
68.15,99.4,2020-12-10 10:00:00
68.12,99.38,2020-12-10 10:30:00
68.03,99.35,2020-12-10 11:00:00
68.11,99.31,2020-12-10 11:30:00
67.95,99.19,2020-12-10 12:00:00
67.77,99.26,2020-12-10 12:30:00
67.8,99.22,2020-12-10 13:00:00
67.93,99.43,2020-12-10 13:30:00
67.94,98.61,2020-12-09 09:00:00
68.36,99.3,2020-12-09 09:30:00
68.13,99.91,2020-12-09 10:00:00
68.21,99.63,2020-12-09 10:30:00
68.22,100.15,2020-12-09 11:00:00
68.15,99.68,2020-12-09 11:30:00
68.09,99.5,2020-12-09 12:00:00
67.99,99.39,2020-12-09 12:30:00
67.95,99.87,2020-12-09 13:00:00
67.94,99.99,2020-12-09 13:30:00
67.41,98.94,2020-12-08 09:00:00
67.94,98.69,2020-12-08 09:30:00
68.08,98.42,2020-12-08 10:00:00
68.13,98.47,2020-12-08 10:30:00
68.12,98.58,2020-12-08 11:00:00
68.1,98.55,2020-12-08 11:30:00
68.01,98.66,2020-12-08 12:00:00
67.96,98.54,2020-12-08 12:30:00
67.96,98.39,2020-12-08 13:00:00
67.94,98.61,2020-12-08 13:30:00
68.37,99.86,2020-12-07 09:00:00
67.9,99.4,2020-12-07 09:30:00
67.54,98.39,2020-12-07 10:00:00
67.6,98.39,2020-12-07 10:30:00
67.61,98.19,2020-12-07 11:00:00
67.54,98.45,2020-12-07 11:30:00
67.5,98.78,2020-12-07 12:00:00
67.47,98.74,2020-12-07 12:30:00
67.5,98.77,2020-12-07 13:00:00
67.41,98.94,2020-12-07 13:30:00
69.02,100.17,2020-12-04 09:00:00
68.95,100.96,2020-12-04 09:30:00
68.8,100.36,2020-12-04 10:00:00
68.74,100.49,2020-12-04 10:30:00
68.6,100.18,2020-12-04 11:00:00
68.49,100.24,2020-12-04 11:30:00
68.45,100.03,2020-12-04 12:00:00
68.44,100.05,2020-12-04 12:30:00
68.46,100.06,2020-12-04 13:00:00
68.37,99.86,2020-12-04 13:30:00
68.76,99.81,2020-12-03 09:00:00
68.95,99.26,2020-12-03 09:30:00
69.05,99.51,2020-12-03 10:00:00
68.97,99.95,2020-12-03 10:30:00
69.01,100.07,2020-12-03 11:00:00
69.14,100.2,2020-12-03 11:30:00
69.09,100.38,2020-12-03 12:00:00
69.0,100.04,2020-12-03 12:30:00
69.05,100.17,2020-12-03 13:00:00
69.02,100.17,2020-12-03 13:30:00
69.0,99.26,2020-12-02 09:00:00
68.83,99.73,2020-12-02 09:30:00
68.56,99.11,2020-12-02 10:00:00
68.53,99.14,2020-12-02 10:30:00
68.47,99.27,2020-12-02 11:00:00
68.52,99.36,2020-12-02 11:30:00
68.46,99.25,2020-12-02 12:00:00
68.51,99.29,2020-12-02 12:30:00
68.64,99.19,2020-12-02 13:00:00
68.76,99.81,2020-12-02 13:30:00
69.64,98.85,2020-12-01 09:00:00
69.2,98.33,2020-12-01 09:30:00
69.01,97.85,2020-12-01 10:00:00
69.13,98.29,2020-12-01 10:30:00
69.03,98.6,2020-12-01 11:00:00
69.08,98.71,2020-12-01 11:30:00
69.06,99.18,2020-12-01 12:00:00
69.06,99.05,2020-12-01 12:30:00
69.02,99.1,2020-12-01 13:00:00
69.0,99.26,2020-12-01 13:30:00
69.0,99.18,2020-11-30 09:00:00
69.72,99.73,2020-11-30 09:30:00
69.65,99.48,2020-11-30 10:00:00
69.91,99.42,2020-11-30 10:30:00
69.87,99.52,2020-11-30 11:00:00
69.79,99.13,2020-11-30 11:30:00
69.74,99.28,2020-11-30 12:00:00
69.76,99.3,2020-11-30 12:30:00
69.7,99.3,2020-11-30 13:00:00
69.64,98.85,2020-11-30 13:30:00
68.28,98.89,2020-11-27 09:00:00
68.6,99.47,2020-11-27 09:30:00
68.51,99.9,2020-11-27 10:00:00
68.68,99.72,2020-11-27 10:30:00
68.77,99.67,2020-11-27 11:00:00
68.82,99.76,2020-11-27 11:30:00
68.98,99.56,2020-11-27 12:00:00
68.94,99.59,2020-11-27 12:30:00
68.98,99.39,2020-11-27 13:00:00
69.0,99.18,2020-11-27 13:30:00
68.28,98.57,2020-11-26 09:00:00
68.27,99.07,2020-11-26 09:30:00
68.34,99.26,2020-11-26 10:00:00
68.21,99.08,2020-11-26 10:30:00
68.21,98.84,2020-11-26 11:00:00
68.19,98.52,2020-11-26 11:30:00
68.23,98.49,2020-11-26 12:00:00
68.33,98.56,2020-11-26 12:30:00
68.33,98.71,2020-11-26 13:00:00
68.28,98.89,2020-11-26 13:30:00
68.29,96.52,2020-11-25 09:00:00
69.12,98.11,2020-11-25 09:30:00
69.01,98.82,2020-11-25 10:00:00
68.86,99.0,2020-11-25 10:30:00
68.53,98.52,2020-11-25 11:00:00
68.38,98.44,2020-11-25 11:30:00
68.43,98.33,2020-11-25 12:00:00
68.55,98.58,2020-11-25 12:30:00
68.39,98.7,2020-11-25 13:00:00
68.28,98.57,2020-11-25 13:30:00
68.67,97.48,2020-11-24 09:00:00
68.41,96.7,2020-11-24 09:30:00
68.45,96.55,2020-11-24 10:00:00
68.6,96.72,2020-11-24 10:30:00
68.59,96.86,2020-11-24 11:00:00
68.39,96.71,2020-11-24 11:30:00
68.39,96.77,2020-11-24 12:00:00
68.39,96.65,2020-11-24 12:30:00
68.16,96.51,2020-11-24 13:00:00
68.29,96.52,2020-11-24 13:30:00
68.58,97.5,2020-11-23 09:00:00
68.97,97.51,2020-11-23 09:30:00
68.82,97.17,2020-11-23 10:00:00
68.75,97.04,2020-11-23 10:30:00
68.62,97.18,2020-11-23 11:00:00
68.7,97.32,2020-11-23 11:30:00
68.65,97.39,2020-11-23 12:00:00
68.64,97.34,2020-11-23 12:30:00
68.67,97.39,2020-11-23 13:00:00
68.67,97.48,2020-11-23 13:30:00
69.02,98.77,2020-11-20 09:00:00
69.01,98.44,2020-11-20 09:30:00
68.88,97.89,2020-11-20 10:00:00
68.78,97.76,2020-11-20 10:30:00
68.77,97.34,2020-11-20 11:00:00
68.71,97.31,2020-11-20 11:30:00
68.73,97.38,2020-11-20 12:00:00
68.7,97.39,2020-11-20 12:30:00
68.65,97.36,2020-11-20 13:00:00
68.58,97.5,2020-11-20 13:30:00
68.59,97.47,2020-11-19 09:00:00
68.47,97.76,2020-11-19 09:30:00
68.61,98.08,2020-11-19 10:00:00
68.5,97.8,2020-11-19 10:30:00
68.39,97.75,2020-11-19 11:00:00
68.58,97.83,2020-11-19 11:30:00
68.62,98.23,2020-11-19 12:00:00
68.73,98.38,2020-11-19 12:30:00
69.08,98.23,2020-11-19 13:00:00
69.02,98.77,2020-11-19 13:30:00
67.77,96.45,2020-11-18 09:00:00
68.46,97.49,2020-11-18 09:30:00
68.46,98.83,2020-11-18 10:00:00
68.37,98.6,2020-11-18 10:30:00
68.39,97.74,2020-11-18 11:00:00
68.43,97.66,2020-11-18 11:30:00
68.33,97.68,2020-11-18 12:00:00
68.36,97.17,2020-11-18 12:30:00
68.4,97.42,2020-11-18 13:00:00
68.59,97.47,2020-11-18 13:30:00
68.07,95.55,2020-11-17 09:00:00
67.46,96.19,2020-11-17 09:30:00
67.35,95.67,2020-11-17 10:00:00
67.76,95.9,2020-11-17 10:30:00
67.69,95.96,2020-11-17 11:00:00
67.69,95.92,2020-11-17 11:30:00
67.63,95.74,2020-11-17 12:00:00
67.59,95.81,2020-11-17 12:30:00
67.79,96.19,2020-11-17 13:00:00
67.77,96.45,2020-11-17 13:30:00
67.89,93.43,2020-11-16 09:00:00
68.11,94.53,2020-11-16 09:30:00
67.92,94.79,2020-11-16 10:00:00
67.87,95.22,2020-11-16 10:30:00
67.89,94.99,2020-11-16 11:00:00
68.0,94.99,2020-11-16 11:30:00
67.95,95.09,2020-11-16 12:00:00
67.93,94.95,2020-11-16 12:30:00
67.93,95.13,2020-11-16 13:00:00
68.07,95.55,2020-11-16 13:30:00
67.53,92.36,2020-11-13 09:00:00
67.73,92.89,2020-11-13 09:30:00
67.89,93.07,2020-11-13 10:00:00
67.86,93.21,2020-11-13 10:30:00
67.95,93.45,2020-11-13 11:00:00
67.79,93.24,2020-11-13 11:30:00
67.9,93.43,2020-11-13 12:00:00
67.78,93.36,2020-11-13 12:30:00
67.91,93.38,2020-11-13 13:00:00
67.89,93.43,2020-11-13 13:30:00
68.07,92.74,2020-11-12 09:00:00
67.9,92.78,2020-11-12 09:30:00
68.01,92.86,2020-11-12 10:00:00
67.8,92.86,2020-11-12 10:30:00
67.86,92.67,2020-11-12 11:00:00
67.67,92.78,2020-11-12 11:30:00
67.57,92.63,2020-11-12 12:00:00
67.41,92.41,2020-11-12 12:30:00
67.42,92.32,2020-11-12 13:00:00
67.53,92.36,2020-11-12 13:30:00
67.81,92.53,2020-11-11 09:00:00
67.96,92.76,2020-11-11 09:30:00
67.79,92.33,2020-11-11 10:00:00
67.84,92.55,2020-11-11 10:30:00
67.79,92.45,2020-11-11 11:00:00
67.79,92.63,2020-11-11 11:30:00
67.92,92.34,2020-11-11 12:00:00
67.93,92.73,2020-11-11 12:30:00
67.99,92.55,2020-11-11 13:00:00
68.07,92.74,2020-11-11 13:30:00
68.13,87.56,2020-11-10 09:00:00
68.22,93.57,2020-11-10 09:30:00
68.58,93.41,2020-11-10 10:00:00
68.5,92.99,2020-11-10 10:30:00
68.08,92.92,2020-11-10 11:00:00
68.08,92.83,2020-11-10 11:30:00
67.75,92.66,2020-11-10 12:00:00
67.61,92.46,2020-11-10 12:30:00
67.78,92.47,2020-11-10 13:00:00
67.81,92.53,2020-11-10 13:30:00
67.16,86.57,2020-11-09 09:00:00
68.41,87.56,2020-11-09 09:30:00
68.47,87.41,2020-11-09 10:00:00
68.25,87.44,2020-11-09 10:30:00
67.92,87.44,2020-11-09 11:00:00
68.08,87.37,2020-11-09 11:30:00
68.06,87.34,2020-11-09 12:00:00
68.15,87.46,2020-11-09 12:30:00
68.09,87.41,2020-11-09 13:00:00
68.13,87.56,2020-11-09 13:30:00
67.25,86.69,2020-11-06 09:00:00
67.42,86.62,2020-11-06 09:30:00
67.38,86.58,2020-11-06 10:00:00
67.32,86.52,2020-11-06 10:30:00
67.36,86.48,2020-11-06 11:00:00
67.19,86.5,2020-11-06 11:30:00
67.18,86.6,2020-11-06 12:00:00
67.3,86.63,2020-11-06 12:30:00
67.23,86.75,2020-11-06 13:00:00
67.16,86.57,2020-11-06 13:30:00
66.85,86.94,2020-11-05 09:00:00
67.33,86.8,2020-11-05 09:30:00
67.67,86.88,2020-11-05 10:00:00
67.47,86.66,2020-11-05 10:30:00
67.34,86.54,2020-11-05 11:00:00
67.34,86.57,2020-11-05 11:30:00
67.41,86.7,2020-11-05 12:00:00
67.22,86.53,2020-11-05 12:30:00
67.28,86.57,2020-11-05 13:00:00
67.25,86.69,2020-11-05 13:30:00
66.38,86.59,2020-11-04 09:00:00
66.16,86.58,2020-11-04 09:30:00
66.61,86.93,2020-11-04 10:00:00
66.81,86.81,2020-11-04 10:30:00
66.77,86.74,2020-11-04 11:00:00
66.89,86.8,2020-11-04 11:30:00
66.97,86.67,2020-11-04 12:00:00
66.83,86.75,2020-11-04 12:30:00
66.78,86.64,2020-11-04 13:00:00
66.85,86.94,2020-11-04 13:30:00
65.71,85.67,2020-11-03 09:00:00
66.12,86.64,2020-11-03 09:30:00
66.45,86.63,2020-11-03 10:00:00
66.35,86.58,2020-11-03 10:30:00
66.41,86.69,2020-11-03 11:00:00
66.38,86.85,2020-11-03 11:30:00
66.38,86.91,2020-11-03 12:00:00
66.27,86.74,2020-11-03 12:30:00
66.38,86.79,2020-11-03 13:00:00
66.38,86.59,2020-11-03 13:30:00
65.39,86.32,2020-11-02 09:00:00
65.46,86.05,2020-11-02 09:30:00
65.37,85.83,2020-11-02 10:00:00
65.11,86.0,2020-11-02 10:30:00
65.47,85.81,2020-11-02 11:00:00
65.85,85.63,2020-11-02 11:30:00
65.82,85.64,2020-11-02 12:00:00
65.73,85.59,2020-11-02 12:30:00
65.79,85.75,2020-11-02 13:00:00
65.71,85.67,2020-11-02 13:30:00
66.36,86.24,2020-10-30 09:00:00
66.01,86.29,2020-10-30 09:30:00
66.15,86.33,2020-10-30 10:00:00
66.13,86.23,2020-10-30 10:30:00
66.15,86.17,2020-10-30 11:00:00
66.17,85.9,2020-10-30 11:30:00
66.08,85.94,2020-10-30 12:00:00
65.9,85.87,2020-10-30 12:30:00
65.71,85.78,2020-10-30 13:00:00
65.39,86.32,2020-10-30 13:30:00
66.4,86.94,2020-10-29 09:00:00
66.22,86.11,2020-10-29 09:30:00
66.3,86.1,2020-10-29 10:00:00
66.33,86.13,2020-10-29 10:30:00
66.31,86.06,2020-10-29 11:00:00
66.2,86.23,2020-10-29 11:30:00
66.26,86.19,2020-10-29 12:00:00
66.32,86.1,2020-10-29 12:30:00
66.37,86.07,2020-10-29 13:00:00
66.36,86.24,2020-10-29 13:30:00
67.22,87.2,2020-10-28 09:00:00
67.35,87.24,2020-10-28 09:30:00
67.14,86.89,2020-10-28 10:00:00
66.93,86.94,2020-10-28 10:30:00
66.85,86.91,2020-10-28 11:00:00
66.69,86.8,2020-10-28 11:30:00
66.5,86.87,2020-10-28 12:00:00
66.55,86.82,2020-10-28 12:30:00
66.53,86.76,2020-10-28 13:00:00
66.4,86.94,2020-10-28 13:30:00
67.2,87.59,2020-10-27 09:00:00
67.53,87.21,2020-10-27 09:30:00
67.53,87.07,2020-10-27 10:00:00
67.39,87.42,2020-10-27 10:30:00
67.34,87.34,2020-10-27 11:00:00
67.24,87.15,2020-10-27 11:30:00
67.15,87.26,2020-10-27 12:00:00
67.1,87.14,2020-10-27 12:30:00
67.21,87.16,2020-10-27 13:00:00
67.22,87.2,2020-10-27 13:30:00
68.28,87.42,2020-10-26 09:00:00
67.99,87.45,2020-10-26 09:30:00
67.7,87.15,2020-10-26 10:00:00
67.67,87.66,2020-10-26 10:30:00
67.54,87.72,2020-10-26 11:00:00
67.55,87.57,2020-10-26 11:30:00
67.51,87.63,2020-10-26 12:00:00
67.34,87.66,2020-10-26 12:30:00
67.26,87.41,2020-10-26 13:00:00
67.2,87.59,2020-10-26 13:30:00
67.59,86.99,2020-10-23 09:00:00
68.05,86.79,2020-10-23 09:30:00
67.97,86.83,2020-10-23 10:00:00
68.19,86.96,2020-10-23 10:30:00
68.43,87.0,2020-10-23 11:00:00
68.52,87.0,2020-10-23 11:30:00
68.49,87.04,2020-10-23 12:00:00
68.36,86.96,2020-10-23 12:30:00
68.33,87.04,2020-10-23 13:00:00
68.28,87.42,2020-10-23 13:30:00
67.75,86.56,2020-10-22 09:00:00
67.79,86.87,2020-10-22 09:30:00
67.78,86.83,2020-10-22 10:00:00
67.42,86.69,2020-10-22 10:30:00
67.52,86.69,2020-10-22 11:00:00
67.52,86.61,2020-10-22 11:30:00
67.37,86.41,2020-10-22 12:00:00
67.38,86.51,2020-10-22 12:30:00
67.36,86.6,2020-10-22 13:00:00
67.59,86.99,2020-10-22 13:30:00
67.55,86.25,2020-10-21 09:00:00
67.59,86.46,2020-10-21 09:30:00
67.71,86.64,2020-10-21 10:00:00
67.7,86.45,2020-10-21 10:30:00
67.58,86.42,2020-10-21 11:00:00
67.59,86.47,2020-10-21 11:30:00
67.62,86.39,2020-10-21 12:00:00
67.61,86.45,2020-10-21 12:30:00
67.62,86.48,2020-10-21 13:00:00
67.75,86.56,2020-10-21 13:30:00
67.32,86.2,2020-10-20 09:00:00
67.68,86.29,2020-10-20 09:30:00
67.67,86.0,2020-10-20 10:00:00
67.64,86.05,2020-10-20 10:30:00
67.65,86.06,2020-10-20 11:00:00
67.57,86.07,2020-10-20 11:30:00
67.55,86.06,2020-10-20 12:00:00
67.52,86.03,2020-10-20 12:30:00
67.51,85.99,2020-10-20 13:00:00
67.55,86.25,2020-10-20 13:30:00
66.6,85.69,2020-10-19 09:00:00
67.09,85.55,2020-10-19 09:30:00
67.07,85.72,2020-10-19 10:00:00
67.04,85.68,2020-10-19 10:30:00
67.17,85.75,2020-10-19 11:00:00
67.12,85.73,2020-10-19 11:30:00
67.11,85.73,2020-10-19 12:00:00
67.19,85.76,2020-10-19 12:30:00
67.23,85.75,2020-10-19 13:00:00
67.32,86.2,2020-10-19 13:30:00
66.99,86.07,2020-10-16 09:00:00
66.88,86.03,2020-10-16 09:30:00
66.93,86.03,2020-10-16 10:00:00
67.04,86.11,2020-10-16 10:30:00
67.19,86.02,2020-10-16 11:00:00
67.1,85.94,2020-10-16 11:30:00
66.96,85.85,2020-10-16 12:00:00
66.73,85.89,2020-10-16 12:30:00
66.77,85.82,2020-10-16 13:00:00
66.6,85.69,2020-10-16 13:30:00
67.6,86.83,2020-10-15 09:00:00
67.44,86.35,2020-10-15 09:30:00
66.99,86.49,2020-10-15 10:00:00
66.82,86.32,2020-10-15 10:30:00
66.82,86.26,2020-10-15 11:00:00
66.9,86.1,2020-10-15 11:30:00
66.92,86.07,2020-10-15 12:00:00
66.92,86.03,2020-10-15 12:30:00
66.96,85.94,2020-10-15 13:00:00
66.99,86.07,2020-10-15 13:30:00
67.5,86.69,2020-10-14 09:00:00
67.84,86.65,2020-10-14 09:30:00
67.9,86.74,2020-10-14 10:00:00
67.81,86.96,2020-10-14 10:30:00
67.76,86.94,2020-10-14 11:00:00
67.76,86.89,2020-10-14 11:30:00
67.72,86.84,2020-10-14 12:00:00
67.68,86.96,2020-10-14 12:30:00
67.66,86.85,2020-10-14 13:00:00
67.6,86.83,2020-10-14 13:30:00
67.7,87.27,2020-10-13 09:00:00
67.23,86.84,2020-10-13 09:30:00
67.24,86.87,2020-10-13 10:00:00
67.46,86.88,2020-10-13 10:30:00
67.25,86.95,2020-10-13 11:00:00
67.29,86.78,2020-10-13 11:30:00
67.32,86.94,2020-10-13 12:00:00
67.31,86.78,2020-10-13 12:30:00
67.32,86.66,2020-10-13 13:00:00
67.5,86.69,2020-10-13 13:30:00
68.86,87.62,2020-10-12 09:00:00
68.38,87.52,2020-10-12 09:30:00
68.25,87.48,2020-10-12 10:00:00
68.02,87.43,2020-10-12 10:30:00
67.98,87.36,2020-10-12 11:00:00
67.83,87.2,2020-10-12 11:30:00
67.88,87.2,2020-10-12 12:00:00
67.93,87.13,2020-10-12 12:30:00
67.82,87.19,2020-10-12 13:00:00
67.7,87.27,2020-10-12 13:30:00
69.08,87.82,2020-10-08 09:00:00
68.83,87.68,2020-10-08 09:30:00
68.88,87.64,2020-10-08 10:00:00
68.83,87.57,2020-10-08 10:30:00
68.76,87.53,2020-10-08 11:00:00
68.73,87.41,2020-10-08 11:30:00
68.69,87.43,2020-10-08 12:00:00
68.72,87.25,2020-10-08 12:30:00
68.67,87.15,2020-10-08 13:00:00
68.86,87.62,2020-10-08 13:30:00
69.18,87.17,2020-10-07 09:00:00
69.17,87.11,2020-10-07 09:30:00
69.09,87.19,2020-10-07 10:00:00
68.93,87.27,2020-10-07 10:30:00
68.83,87.19,2020-10-07 11:00:00
68.72,87.23,2020-10-07 11:30:00
68.89,87.46,2020-10-07 12:00:00
68.86,87.48,2020-10-07 12:30:00
68.86,87.32,2020-10-07 13:00:00
69.08,87.82,2020-10-07 13:30:00
69.12,86.21,2020-10-06 09:00:00
69.47,86.4,2020-10-06 09:30:00
69.26,86.75,2020-10-06 10:00:00
69.24,86.7,2020-10-06 10:30:00
69.1,86.76,2020-10-06 11:00:00
69.05,86.76,2020-10-06 11:30:00
69.1,86.76,2020-10-06 12:00:00
69.11,86.75,2020-10-06 12:30:00
69.12,86.79,2020-10-06 13:00:00
69.18,87.17,2020-10-06 13:30:00
67.63,85.99,2020-10-05 09:00:00
68.59,86.13,2020-10-05 09:30:00
69.19,86.2,2020-10-05 10:00:00
69.11,86.28,2020-10-05 10:30:00
69.06,86.23,2020-10-05 11:00:00
68.89,86.11,2020-10-05 11:30:00
68.99,86.02,2020-10-05 12:00:00
69.03,86.07,2020-10-05 12:30:00
68.93,86.05,2020-10-05 13:00:00
69.12,86.21,2020-10-05 13:30:00
67.41,85.66,2020-09-30 09:00:00
67.22,85.63,2020-09-30 09:30:00
67.51,85.7,2020-09-30 10:00:00
67.57,85.86,2020-09-30 10:30:00
67.37,85.92,2020-09-30 11:00:00
67.31,85.81,2020-09-30 11:30:00
67.6,85.69,2020-09-30 12:00:00
67.73,85.88,2020-09-30 12:30:00
67.74,85.8,2020-09-30 13:00:00
67.63,85.99,2020-09-30 13:30:00
67.91,85.15,2020-09-29 09:00:00
67.68,85.84,2020-09-29 09:30:00
67.8,85.7,2020-09-29 10:00:00
67.69,85.66,2020-09-29 10:30:00
67.62,85.55,2020-09-29 11:00:00
67.58,85.47,2020-09-29 11:30:00
67.46,85.37,2020-09-29 12:00:00
67.41,85.4,2020-09-29 12:30:00
67.38,85.46,2020-09-29 13:00:00
67.41,85.66,2020-09-29 13:30:00
66.65,84.47,2020-09-28 09:00:00
67.69,84.58,2020-09-28 09:30:00
67.65,84.82,2020-09-28 10:00:00
67.81,84.95,2020-09-28 10:30:00
67.99,84.89,2020-09-28 11:00:00
67.92,84.98,2020-09-28 11:30:00
68.12,85.06,2020-09-28 12:00:00
67.99,84.98,2020-09-28 12:30:00
67.99,84.86,2020-09-28 13:00:00
67.91,85.15,2020-09-28 13:30:00
68.87,84.97,2020-09-25 09:00:00
69.11,85.37,2020-09-25 09:30:00
68.77,85.55,2020-09-25 10:00:00
68.06,84.82,2020-09-25 10:30:00
67.84,84.49,2020-09-25 11:00:00
67.91,84.57,2020-09-25 11:30:00
67.23,84.5,2020-09-25 12:00:00
66.36,84.22,2020-09-25 12:30:00
66.65,84.33,2020-09-25 13:00:00
66.65,84.47,2020-09-25 13:30:00
69.92,86.61,2020-09-24 09:00:00
69.43,85.68,2020-09-24 09:30:00
68.97,85.28,2020-09-24 10:00:00
68.89,85.05,2020-09-24 10:30:00
68.6,84.89,2020-09-24 11:00:00
68.6,84.92,2020-09-24 11:30:00
68.71,84.91,2020-09-24 12:00:00
69.18,85.01,2020-09-24 12:30:00
69.22,85.06,2020-09-24 13:00:00
68.87,84.97,2020-09-24 13:30:00
70.59,86.95,2020-09-23 09:00:00
70.56,86.61,2020-09-23 09:30:00
70.53,86.62,2020-09-23 10:00:00
70.46,86.75,2020-09-23 10:30:00
70.21,86.65,2020-09-23 11:00:00
69.98,86.66,2020-09-23 11:30:00
69.99,86.72,2020-09-23 12:00:00
70.13,86.7,2020-09-23 12:30:00
69.94,86.52,2020-09-23 13:00:00
69.92,86.61,2020-09-23 13:30:00
71.68,87.81,2020-09-22 09:00:00
71.05,86.55,2020-09-22 09:30:00
70.99,86.94,2020-09-22 10:00:00
70.9,86.82,2020-09-22 10:30:00
70.86,86.86,2020-09-22 11:00:00
70.88,86.92,2020-09-22 11:30:00
70.87,86.84,2020-09-22 12:00:00
70.79,86.82,2020-09-22 12:30:00
70.66,86.84,2020-09-22 13:00:00
70.59,86.95,2020-09-22 13:30:00
71.94,88.63,2020-09-21 09:00:00
72.45,87.98,2020-09-21 09:30:00
72.0,87.69,2020-09-21 10:00:00
72.06,87.56,2020-09-21 10:30:00
72.06,87.42,2020-09-21 11:00:00
71.97,87.38,2020-09-21 11:30:00
71.98,87.37,2020-09-21 12:00:00
71.93,87.38,2020-09-21 12:30:00
71.93,87.59,2020-09-21 13:00:00
71.68,87.81,2020-09-21 13:30:00
71.06,88.56,2020-09-18 09:00:00
71.59,88.97,2020-09-18 09:30:00
72.02,89.17,2020-09-18 10:00:00
71.77,89.05,2020-09-18 10:30:00
71.69,89.04,2020-09-18 11:00:00
71.75,89.03,2020-09-18 11:30:00
71.67,89.12,2020-09-18 12:00:00
71.68,88.98,2020-09-18 12:30:00
71.92,88.87,2020-09-18 13:00:00
71.94,88.63,2020-09-18 13:30:00
71.18,87.82,2020-09-17 09:00:00
71.52,88.47,2020-09-17 09:30:00
71.21,88.66,2020-09-17 10:00:00
71.19,88.78,2020-09-17 10:30:00
71.18,88.56,2020-09-17 11:00:00
71.32,88.48,2020-09-17 11:30:00
71.26,88.43,2020-09-17 12:00:00
71.18,88.39,2020-09-17 12:30:00
71.1,88.53,2020-09-17 13:00:00
71.06,88.56,2020-09-17 13:30:00
71.21,87.63,2020-09-16 09:00:00
71.24,87.55,2020-09-16 09:30:00
71.39,87.72,2020-09-16 10:00:00
71.23,87.81,2020-09-16 10:30:00
71.25,87.64,2020-09-16 11:00:00
71.3,87.73,2020-09-16 11:30:00
71.29,87.66,2020-09-16 12:00:00
71.28,87.8,2020-09-16 12:30:00
71.16,87.74,2020-09-16 13:00:00
71.18,87.82,2020-09-16 13:30:00
69.97,87.14,2020-09-15 09:00:00
70.93,87.19,2020-09-15 09:30:00
70.85,87.26,2020-09-15 10:00:00
70.88,87.24,2020-09-15 10:30:00
71.0,87.28,2020-09-15 11:00:00
71.34,87.53,2020-09-15 11:30:00
71.21,87.41,2020-09-15 12:00:00
71.12,87.38,2020-09-15 12:30:00
71.13,87.44,2020-09-15 13:00:00
71.21,87.63,2020-09-15 13:30:00
69.47,86.96,2020-09-14 09:00:00
69.2,87.04,2020-09-14 09:30:00
69.41,87.16,2020-09-14 10:00:00
69.64,87.22,2020-09-14 10:30:00
69.87,87.14,2020-09-14 11:00:00
69.79,86.97,2020-09-14 11:30:00
69.86,87.09,2020-09-14 12:00:00
70.03,87.15,2020-09-14 12:30:00
69.96,87.03,2020-09-14 13:00:00
69.97,87.14,2020-09-14 13:30:00
70.84,87.51,2020-09-11 09:00:00
70.23,87.95,2020-09-11 09:30:00
69.92,87.61,2020-09-11 10:00:00
70.01,87.5,2020-09-11 10:30:00
69.84,87.55,2020-09-11 11:00:00
69.31,87.17,2020-09-11 11:30:00
69.39,87.03,2020-09-11 12:00:00
69.13,87.16,2020-09-11 12:30:00
69.46,87.14,2020-09-11 13:00:00
69.47,86.96,2020-09-11 13:30:00
72.12,87.38,2020-09-10 09:00:00
71.59,87.82,2020-09-10 09:30:00
71.3,87.56,2020-09-10 10:00:00
71.17,87.55,2020-09-10 10:30:00
71.36,87.62,2020-09-10 11:00:00
71.18,87.75,2020-09-10 11:30:00
71.04,87.64,2020-09-10 12:00:00
71.0,87.6,2020-09-10 12:30:00
70.84,87.64,2020-09-10 13:00:00
70.84,87.51,2020-09-10 13:30:00
73.13,86.87,2020-09-09 09:00:00
72.55,86.36,2020-09-09 09:30:00
72.3,86.45,2020-09-09 10:00:00
72.33,86.54,2020-09-09 10:30:00
72.52,87.08,2020-09-09 11:00:00
72.5,87.04,2020-09-09 11:30:00
72.52,87.12,2020-09-09 12:00:00
72.55,87.23,2020-09-09 12:30:00
72.5,87.25,2020-09-09 13:00:00
72.12,87.38,2020-09-09 13:30:00
71.72,86.94,2020-09-08 09:00:00
72.76,87.25,2020-09-08 09:30:00
72.88,87.13,2020-09-08 10:00:00
72.78,87.18,2020-09-08 10:30:00
72.73,87.17,2020-09-08 11:00:00
72.62,87.12,2020-09-08 11:30:00
72.54,86.97,2020-09-08 12:00:00
72.58,86.82,2020-09-08 12:30:00
72.79,86.76,2020-09-08 13:00:00
73.13,86.87,2020-09-08 13:30:00
71.92,86.63,2020-09-07 09:00:00
72.29,86.6,2020-09-07 09:30:00
72.29,87.01,2020-09-07 10:00:00
72.32,86.87,2020-09-07 10:30:00
72.44,87.05,2020-09-07 11:00:00
72.47,86.98,2020-09-07 11:30:00
72.49,86.98,2020-09-07 12:00:00
72.22,86.84,2020-09-07 12:30:00
71.92,86.8,2020-09-07 13:00:00
71.72,86.94,2020-09-07 13:30:00
71.82,87.5,2020-09-04 09:00:00
71.89,86.4,2020-09-04 09:30:00
71.99,86.43,2020-09-04 10:00:00
71.95,86.48,2020-09-04 10:30:00
71.72,86.42,2020-09-04 11:00:00
71.58,86.23,2020-09-04 11:30:00
71.67,86.25,2020-09-04 12:00:00
71.79,86.36,2020-09-04 12:30:00
71.77,86.4,2020-09-04 13:00:00
71.92,86.63,2020-09-04 13:30:00
72.14,86.89,2020-09-03 09:00:00
72.07,86.9,2020-09-03 09:30:00
72.22,87.13,2020-09-03 10:00:00
71.8,86.76,2020-09-03 10:30:00
71.59,86.74,2020-09-03 11:00:00
71.63,86.74,2020-09-03 11:30:00
71.78,86.93,2020-09-03 12:00:00
71.7,87.11,2020-09-03 12:30:00
71.71,87.48,2020-09-03 13:00:00
71.82,87.5,2020-09-03 13:30:00
72.21,86.18,2020-09-02 09:00:00
72.46,87.31,2020-09-02 09:30:00
72.46,87.28,2020-09-02 10:00:00
72.51,87.25,2020-09-02 10:30:00
72.25,86.98,2020-09-02 11:00:00
72.19,87.02,2020-09-02 11:30:00
72.22,86.81,2020-09-02 12:00:00
72.38,86.89,2020-09-02 12:30:00
72.28,87.04,2020-09-02 13:00:00
72.14,86.89,2020-09-02 13:30:00
72.45,86.43,2020-09-01 09:00:00
71.92,86.02,2020-09-01 09:30:00
72.28,86.16,2020-09-01 10:00:00
72.34,86.2,2020-09-01 10:30:00
72.17,86.23,2020-09-01 11:00:00
71.93,86.2,2020-09-01 11:30:00
71.97,86.17,2020-09-01 12:00:00
72.05,86.19,2020-09-01 12:30:00
72.23,86.3,2020-09-01 13:00:00
72.21,86.18,2020-09-01 13:30:00
71.61,86.59,2020-08-31 09:00:00
72.02,86.61,2020-08-31 09:30:00
72.0,86.4,2020-08-31 10:00:00
72.33,86.51,2020-08-31 10:30:00
72.49,86.26,2020-08-31 11:00:00
72.41,86.4,2020-08-31 11:30:00
72.26,86.41,2020-08-31 12:00:00
72.29,86.43,2020-08-31 12:30:00
72.29,86.43,2020-08-31 13:00:00
72.45,86.43,2020-08-31 13:30:00
70.89,87.28,2020-08-28 09:00:00
71.84,86.67,2020-08-28 09:30:00
71.82,86.55,2020-08-28 10:00:00
71.83,86.69,2020-08-28 10:30:00
72.24,86.67,2020-08-28 11:00:00
72.39,86.72,2020-08-28 11:30:00
72.33,86.77,2020-08-28 12:00:00
71.97,86.7,2020-08-28 12:30:00
71.74,86.52,2020-08-28 13:00:00
71.61,86.59,2020-08-28 13:30:00
70.84,87.07,2020-08-27 09:00:00
71.39,87.05,2020-08-27 09:30:00
70.92,86.93,2020-08-27 10:00:00
71.0,86.85,2020-08-27 10:30:00
70.64,86.74,2020-08-27 11:00:00
70.82,86.63,2020-08-27 11:30:00
71.12,86.86,2020-08-27 12:00:00
70.9,86.93,2020-08-27 12:30:00
70.85,87.02,2020-08-27 13:00:00
70.89,87.28,2020-08-27 13:30:00
69.77,87.21,2020-08-26 09:00:00
70.22,86.96,2020-08-26 09:30:00
70.47,87.25,2020-08-26 10:00:00
70.36,87.14,2020-08-26 10:30:00
70.79,86.96,2020-08-26 11:00:00
70.62,87.06,2020-08-26 11:30:00
70.71,86.99,2020-08-26 12:00:00
70.75,86.98,2020-08-26 12:30:00
70.79,86.96,2020-08-26 13:00:00
70.84,87.07,2020-08-26 13:30:00
70.24,86.34,2020-08-25 09:00:00
69.97,86.85,2020-08-25 09:30:00
70.14,87.33,2020-08-25 10:00:00
70.07,87.41,2020-08-25 10:30:00
69.8,86.95,2020-08-25 11:00:00
69.75,86.98,2020-08-25 11:30:00
69.89,86.98,2020-08-25 12:00:00
69.87,87.08,2020-08-25 12:30:00
69.86,87.21,2020-08-25 13:00:00
69.77,87.21,2020-08-25 13:30:00
69.54,87.09,2020-08-24 09:00:00
69.86,86.21,2020-08-24 09:30:00
70.32,86.25,2020-08-24 10:00:00
70.24,85.94,2020-08-24 10:30:00
69.99,86.04,2020-08-24 11:00:00
70.07,86.06,2020-08-24 11:30:00
69.99,86.08,2020-08-24 12:00:00
69.98,86.2,2020-08-24 12:30:00
70.16,86.19,2020-08-24 13:00:00
70.24,86.34,2020-08-24 13:30:00
68.07,85.88,2020-08-21 09:00:00
68.7,86.65,2020-08-21 09:30:00
68.89,86.56,2020-08-21 10:00:00
69.48,86.72,2020-08-21 10:30:00
69.63,86.85,2020-08-21 11:00:00
69.75,86.87,2020-08-21 11:30:00
69.37,86.53,2020-08-21 12:00:00
69.53,86.4,2020-08-21 12:30:00
69.58,87.09,2020-08-21 13:00:00
69.54,87.09,2020-08-21 13:30:00
71.0,88.78,2020-08-20 09:00:00
68.74,86.95,2020-08-20 09:30:00
68.37,86.23,2020-08-20 10:00:00
67.87,86.05,2020-08-20 10:30:00
67.78,86.13,2020-08-20 11:00:00
67.89,85.69,2020-08-20 11:30:00
67.8,85.73,2020-08-20 12:00:00
67.81,85.68,2020-08-20 12:30:00
67.88,85.53,2020-08-20 13:00:00
68.07,85.88,2020-08-20 13:30:00
70.4,88.86,2020-08-19 09:00:00
71.66,89.06,2020-08-19 09:30:00
71.71,88.77,2020-08-19 10:00:00
71.84,88.78,2020-08-19 10:30:00
71.79,88.59,2020-08-19 11:00:00
71.81,88.65,2020-08-19 11:30:00
71.64,88.68,2020-08-19 12:00:00
71.3,88.64,2020-08-19 12:30:00
71.12,88.57,2020-08-19 13:00:00
71.0,88.78,2020-08-19 13:30:00
69.32,88.42,2020-08-18 09:00:00
70.62,88.86,2020-08-18 09:30:00
70.43,88.91,2020-08-18 10:00:00
70.45,88.73,2020-08-18 10:30:00
70.43,88.61,2020-08-18 11:00:00
70.51,88.68,2020-08-18 11:30:00
70.55,88.82,2020-08-18 12:00:00
70.54,88.94,2020-08-18 12:30:00
70.43,89.04,2020-08-18 13:00:00
70.4,88.86,2020-08-18 13:30:00
68.71,88.32,2020-08-17 09:00:00
69.23,88.32,2020-08-17 09:30:00
69.19,88.28,2020-08-17 10:00:00
69.33,88.41,2020-08-17 10:30:00
69.29,88.28,2020-08-17 11:00:00
69.5,88.25,2020-08-17 11:30:00
69.48,88.44,2020-08-17 12:00:00
69.39,88.38,2020-08-17 12:30:00
69.35,88.59,2020-08-17 13:00:00
69.32,88.42,2020-08-17 13:30:00
67.96,88.5,2020-08-14 09:00:00
68.9,88.09,2020-08-14 09:30:00
68.73,87.87,2020-08-14 10:00:00
68.67,88.15,2020-08-14 10:30:00
68.52,88.35,2020-08-14 11:00:00
68.51,88.27,2020-08-14 11:30:00
68.51,88.13,2020-08-14 12:00:00
68.54,88.29,2020-08-14 12:30:00
68.81,87.93,2020-08-14 13:00:00
68.71,88.32,2020-08-14 13:30:00
68.09,86.96,2020-08-13 09:00:00
68.29,87.84,2020-08-13 09:30:00
68.03,88.1,2020-08-13 10:00:00
68.29,88.48,2020-08-13 10:30:00
68.34,88.39,2020-08-13 11:00:00
68.31,88.43,2020-08-13 11:30:00
68.18,88.4,2020-08-13 12:00:00
68.08,88.49,2020-08-13 12:30:00
68.01,88.5,2020-08-13 13:00:00
67.96,88.5,2020-08-13 13:30:00
67.68,87.04,2020-08-12 09:00:00
67.59,86.93,2020-08-12 09:30:00
67.65,86.82,2020-08-12 10:00:00
67.62,87.27,2020-08-12 10:30:00
68.03,87.14,2020-08-12 11:00:00
68.06,87.11,2020-08-12 11:30:00
68.07,87.11,2020-08-12 12:00:00
68.07,87.17,2020-08-12 12:30:00
68.04,87.17,2020-08-12 13:00:00
68.09,86.96,2020-08-12 13:30:00
69.13,86.04,2020-08-11 09:00:00
68.49,87.12,2020-08-11 09:30:00
68.64,87.21,2020-08-11 10:00:00
68.76,87.35,2020-08-11 10:30:00
68.53,87.13,2020-08-11 11:00:00
68.26,87.13,2020-08-11 11:30:00
68.02,87.33,2020-08-11 12:00:00
67.91,87.18,2020-08-11 12:30:00
67.59,86.89,2020-08-11 13:00:00
67.68,87.04,2020-08-11 13:30:00
70.22,86.21,2020-08-10 09:00:00
70.07,86.05,2020-08-10 09:30:00
69.96,86.01,2020-08-10 10:00:00
69.94,85.89,2020-08-10 10:30:00
69.78,86.01,2020-08-10 11:00:00
69.39,85.97,2020-08-10 11:30:00
69.08,86.07,2020-08-10 12:00:00
69.19,85.92,2020-08-10 12:30:00
69.13,85.95,2020-08-10 13:00:00
69.13,86.04,2020-08-10 13:30:00
70.21,85.98,2020-08-07 09:00:00
70.5,85.62,2020-08-07 09:30:00
70.35,85.84,2020-08-07 10:00:00
70.16,85.61,2020-08-07 10:30:00
70.54,85.52,2020-08-07 11:00:00
70.38,85.69,2020-08-07 11:30:00
70.23,85.92,2020-08-07 12:00:00
70.31,85.98,2020-08-07 12:30:00
70.3,86.18,2020-08-07 13:00:00
70.22,86.21,2020-08-07 13:30:00
70.93,86.3,2020-08-06 09:00:00
71.07,86.59,2020-08-06 09:30:00
70.73,86.53,2020-08-06 10:00:00
70.76,86.38,2020-08-06 10:30:00
70.76,86.21,2020-08-06 11:00:00
70.8,86.2,2020-08-06 11:30:00
70.83,86.25,2020-08-06 12:00:00
70.64,86.23,2020-08-06 12:30:00
70.55,85.98,2020-08-06 13:00:00
70.21,85.98,2020-08-06 13:30:00
70.2,85.85,2020-08-05 09:00:00
70.92,86.32,2020-08-05 09:30:00
70.75,86.36,2020-08-05 10:00:00
70.79,86.43,2020-08-05 10:30:00
70.92,86.29,2020-08-05 11:00:00
70.95,86.26,2020-08-05 11:30:00
70.97,86.16,2020-08-05 12:00:00
71.01,86.11,2020-08-05 12:30:00
70.77,86.05,2020-08-05 13:00:00
70.93,86.3,2020-08-05 13:30:00
70.16,85.47,2020-08-04 09:00:00
69.99,85.73,2020-08-04 09:30:00
70.58,86.36,2020-08-04 10:00:00
70.2,86.26,2020-08-04 10:30:00
70.15,86.13,2020-08-04 11:00:00
70.19,85.97,2020-08-04 11:30:00
70.37,86.02,2020-08-04 12:00:00
70.28,85.89,2020-08-04 12:30:00
70.23,86.02,2020-08-04 13:00:00
70.2,85.85,2020-08-04 13:30:00
68.77,87.46,2020-08-03 09:00:00
69.44,86.36,2020-08-03 09:30:00
69.26,85.77,2020-08-03 10:00:00
69.23,85.44,2020-08-03 10:30:00
69.17,85.38,2020-08-03 11:00:00
69.44,85.46,2020-08-03 11:30:00
69.76,85.42,2020-08-03 12:00:00
70.0,85.43,2020-08-03 12:30:00
69.94,85.42,2020-08-03 13:00:00
70.16,85.47,2020-08-03 13:30:00
68.62,86.77,2020-07-31 09:00:00
69.09,86.71,2020-07-31 09:30:00
69.01,86.68,2020-07-31 10:00:00
68.53,86.68,2020-07-31 10:30:00
68.64,86.73,2020-07-31 11:00:00
68.68,86.68,2020-07-31 11:30:00
68.74,86.91,2020-07-31 12:00:00
68.72,87.12,2020-07-31 12:30:00
68.72,87.1,2020-07-31 13:00:00
68.77,87.46,2020-07-31 13:30:00
67.55,86.23,2020-07-30 09:00:00
68.43,86.84,2020-07-30 09:30:00
68.18,86.75,2020-07-30 10:00:00
68.11,86.51,2020-07-30 10:30:00
68.26,86.63,2020-07-30 11:00:00
68.38,86.82,2020-07-30 11:30:00
68.43,86.89,2020-07-30 12:00:00
68.37,86.8,2020-07-30 12:30:00
68.52,86.86,2020-07-30 13:00:00
68.62,86.77,2020-07-30 13:30:00
66.35,83.91,2020-07-29 09:00:00
67.84,85.19,2020-07-29 09:30:00
67.92,86.1,2020-07-29 10:00:00
68.44,86.61,2020-07-29 10:30:00
68.1,86.12,2020-07-29 11:00:00
68.0,86.35,2020-07-29 11:30:00
67.7,86.28,2020-07-29 12:00:00
67.62,86.25,2020-07-29 12:30:00
67.54,86.29,2020-07-29 13:00:00
67.55,86.23,2020-07-29 13:30:00
66.75,86.02,2020-07-28 09:00:00
65.36,84.32,2020-07-28 09:30:00
66.71,84.0,2020-07-28 10:00:00
66.8,84.05,2020-07-28 10:30:00
66.98,84.17,2020-07-28 11:00:00
66.82,84.25,2020-07-28 11:30:00
66.51,84.04,2020-07-28 12:00:00
66.28,83.95,2020-07-28 12:30:00
66.34,83.85,2020-07-28 13:00:00
66.35,83.91,2020-07-28 13:30:00
69.38,88.17,2020-07-27 09:00:00
68.16,87.15,2020-07-27 09:30:00
67.61,86.75,2020-07-27 10:00:00
66.95,86.34,2020-07-27 10:30:00
67.27,86.15,2020-07-27 11:00:00
67.19,86.03,2020-07-27 11:30:00
67.04,86.15,2020-07-27 12:00:00
66.93,86.03,2020-07-27 12:30:00
66.87,86.19,2020-07-27 13:00:00
66.75,86.02,2020-07-27 13:30:00
70.64,89.46,2020-07-24 09:00:00
69.88,88.94,2020-07-24 09:30:00
70.0,88.87,2020-07-24 10:00:00
70.25,88.99,2020-07-24 10:30:00
69.96,88.78,2020-07-24 11:00:00
69.66,88.6,2020-07-24 11:30:00
69.29,88.09,2020-07-24 12:00:00
69.17,88.13,2020-07-24 12:30:00
69.48,88.24,2020-07-24 13:00:00
69.38,88.17,2020-07-24 13:30:00
70.89,89.44,2020-07-23 09:00:00
70.9,89.19,2020-07-23 09:30:00
70.63,89.05,2020-07-23 10:00:00
70.63,89.16,2020-07-23 10:30:00
70.43,89.02,2020-07-23 11:00:00
70.39,89.1,2020-07-23 11:30:00
70.43,89.1,2020-07-23 12:00:00
70.43,89.11,2020-07-23 12:30:00
70.53,89.15,2020-07-23 13:00:00
70.64,89.46,2020-07-23 13:30:00
69.98,89.1,2020-07-22 09:00:00
71.09,89.34,2020-07-22 09:30:00
71.45,89.25,2020-07-22 10:00:00
71.45,89.29,2020-07-22 10:30:00
71.29,89.33,2020-07-22 11:00:00
71.24,89.29,2020-07-22 11:30:00
71.07,89.38,2020-07-22 12:00:00
71.14,89.43,2020-07-22 12:30:00
71.04,89.34,2020-07-22 13:00:00
70.89,89.44,2020-07-22 13:30:00
69.52,88.34,2020-07-21 09:00:00
70.28,88.9,2020-07-21 09:30:00
70.82,89.03,2020-07-21 10:00:00
70.76,89.03,2020-07-21 10:30:00
70.68,88.96,2020-07-21 11:00:00
70.19,88.94,2020-07-21 11:30:00
70.34,89.29,2020-07-21 12:00:00
70.1,89.33,2020-07-21 12:30:00
69.94,89.11,2020-07-21 13:00:00
69.98,89.1,2020-07-21 13:30:00
69.81,89.4,2020-07-20 09:00:00
67.91,88.02,2020-07-20 09:30:00
68.73,88.09,2020-07-20 10:00:00
69.18,88.3,2020-07-20 10:30:00
69.26,88.39,2020-07-20 11:00:00
70.17,88.42,2020-07-20 11:30:00
69.75,88.38,2020-07-20 12:00:00
69.49,88.25,2020-07-20 12:30:00
69.64,88.22,2020-07-20 13:00:00
69.52,88.34,2020-07-20 13:30:00
72.92,91.12,2020-07-17 09:00:00
71.37,90.2,2020-07-17 09:30:00
71.0,89.9,2020-07-17 10:00:00
70.96,89.78,2020-07-17 10:30:00
70.73,89.77,2020-07-17 11:00:00
70.28,89.83,2020-07-17 11:30:00
70.02,89.75,2020-07-17 12:00:00
69.83,89.56,2020-07-17 12:30:00
69.52,89.31,2020-07-17 13:00:00
69.81,89.4,2020-07-17 13:30:00
72.64,91.19,2020-07-16 09:00:00
73.74,91.51,2020-07-16 09:30:00
73.95,91.78,2020-07-16 10:00:00
73.54,91.45,2020-07-16 10:30:00
73.25,91.35,2020-07-16 11:00:00
73.01,91.04,2020-07-16 11:30:00
73.15,91.02,2020-07-16 12:00:00
72.94,91.06,2020-07-16 12:30:00
72.98,91.18,2020-07-16 13:00:00
72.92,91.12,2020-07-16 13:30:00
73.51,90.44,2020-07-15 09:00:00
72.74,90.62,2020-07-15 09:30:00
72.87,90.97,2020-07-15 10:00:00
73.32,91.28,2020-07-15 10:30:00
73.91,91.2,2020-07-15 11:00:00
73.59,91.11,2020-07-15 11:30:00
73.06,90.88,2020-07-15 12:00:00
72.89,90.7,2020-07-15 12:30:00
72.78,90.99,2020-07-15 13:00:00
72.64,91.19,2020-07-15 13:30:00
75.31,90.99,2020-07-14 09:00:00
74.78,91.04,2020-07-14 09:30:00
74.79,91.22,2020-07-14 10:00:00
74.33,90.79,2020-07-14 10:30:00
73.93,90.57,2020-07-14 11:00:00
74.04,90.52,2020-07-14 11:30:00
73.83,90.42,2020-07-14 12:00:00
73.44,90.51,2020-07-14 12:30:00
73.47,90.5,2020-07-14 13:00:00
73.51,90.44,2020-07-14 13:30:00
76.25,91.09,2020-07-13 09:00:00
75.35,91.53,2020-07-13 09:30:00
75.49,91.36,2020-07-13 10:00:00
75.71,91.18,2020-07-13 10:30:00
75.63,90.99,2020-07-13 11:00:00
75.51,91.03,2020-07-13 11:30:00
75.46,90.94,2020-07-13 12:00:00
75.4,90.89,2020-07-13 12:30:00
75.51,90.79,2020-07-13 13:00:00
75.31,90.99,2020-07-13 13:30:00
77.75,92.2,2020-07-10 09:00:00
75.73,90.71,2020-07-10 09:30:00
75.97,90.78,2020-07-10 10:00:00
76.9,90.92,2020-07-10 10:30:00
76.69,90.99,2020-07-10 11:00:00
77.03,91.01,2020-07-10 11:30:00
77.04,91.14,2020-07-10 12:00:00
76.76,91.19,2020-07-10 12:30:00
76.54,91.3,2020-07-10 13:00:00
76.25,91.09,2020-07-10 13:30:00
76.33,91.99,2020-07-09 09:00:00
76.84,92.4,2020-07-09 09:30:00
77.35,92.41,2020-07-09 10:00:00
77.27,92.29,2020-07-09 10:30:00
77.41,92.16,2020-07-09 11:00:00
78.07,92.3,2020-07-09 11:30:00
78.24,92.29,2020-07-09 12:00:00
78.13,92.28,2020-07-09 12:30:00
77.84,92.29,2020-07-09 13:00:00
77.75,92.2,2020-07-09 13:30:00
74.49,92.35,2020-07-08 09:00:00
76.34,92.15,2020-07-08 09:30:00
76.31,92.04,2020-07-08 10:00:00
76.41,92.06,2020-07-08 10:30:00
76.61,92.15,2020-07-08 11:00:00
76.59,92.14,2020-07-08 11:30:00
76.58,92.16,2020-07-08 12:00:00
76.25,91.95,2020-07-08 12:30:00
76.38,92.02,2020-07-08 13:00:00
76.33,91.99,2020-07-08 13:30:00
75.59,93.44,2020-07-07 09:00:00
75.38,92.81,2020-07-07 09:30:00
74.72,92.2,2020-07-07 10:00:00
75.04,92.21,2020-07-07 10:30:00
75.14,92.27,2020-07-07 11:00:00
75.17,92.48,2020-07-07 11:30:00
75.13,92.56,2020-07-07 12:00:00
74.77,92.32,2020-07-07 12:30:00
74.72,92.3,2020-07-07 13:00:00
74.49,92.35,2020-07-07 13:30:00
74.99,92.04,2020-07-06 09:00:00
75.9,92.86,2020-07-06 09:30:00
75.6,92.73,2020-07-06 10:00:00
75.62,93.06,2020-07-06 10:30:00
75.58,93.27,2020-07-06 11:00:00
75.44,93.29,2020-07-06 11:30:00
75.52,93.38,2020-07-06 12:00:00
75.57,93.33,2020-07-06 12:30:00
75.5,93.31,2020-07-06 13:00:00
75.59,93.44,2020-07-06 13:30:00
75.33,92.6,2020-07-03 09:00:00
75.78,92.44,2020-07-03 09:30:00
75.15,91.94,2020-07-03 10:00:00
75.11,92.14,2020-07-03 10:30:00
75.19,92.0,2020-07-03 11:00:00
75.28,92.05,2020-07-03 11:30:00
75.29,92.1,2020-07-03 12:00:00
75.16,92.14,2020-07-03 12:30:00
74.92,92.1,2020-07-03 13:00:00
74.99,92.04,2020-07-03 13:30:00
74.45,92.89,2020-07-02 09:00:00
76.08,92.76,2020-07-02 09:30:00
75.94,92.63,2020-07-02 10:00:00
76.2,92.57,2020-07-02 10:30:00
75.91,92.57,2020-07-02 11:00:00
75.75,92.5,2020-07-02 11:30:00
75.84,92.48,2020-07-02 12:00:00
75.61,92.56,2020-07-02 12:30:00
75.61,92.51,2020-07-02 13:00:00
75.33,92.6,2020-07-02 13:30:00
73.73,93.6,2020-07-01 09:00:00
73.76,92.97,2020-07-01 09:30:00
73.86,93.09,2020-07-01 10:00:00
74.06,93.03,2020-07-01 10:30:00
74.21,92.99,2020-07-01 11:00:00
74.39,92.95,2020-07-01 11:30:00
74.32,92.87,2020-07-01 12:00:00
74.34,93.02,2020-07-01 12:30:00
74.34,93.15,2020-07-01 13:00:00
74.45,92.89,2020-07-01 13:30:00
74.14,91.02,2020-06-30 09:00:00
73.96,92.56,2020-06-30 09:30:00
73.83,92.61,2020-06-30 10:00:00
73.99,92.71,2020-06-30 10:30:00
74.02,92.65,2020-06-30 11:00:00
73.83,92.72,2020-06-30 11:30:00
73.84,92.74,2020-06-30 12:00:00
73.83,92.84,2020-06-30 12:30:00
74.02,93.02,2020-06-30 13:00:00
73.73,93.6,2020-06-30 13:30:00
72.81,92.54,2020-06-29 09:00:00
74.34,91.95,2020-06-29 09:30:00
74.36,91.85,2020-06-29 10:00:00
74.26,91.76,2020-06-29 10:30:00
74.15,91.32,2020-06-29 11:00:00
73.9,91.28,2020-06-29 11:30:00
73.99,91.38,2020-06-29 12:00:00
74.01,91.24,2020-06-29 12:30:00
74.15,91.13,2020-06-29 13:00:00
74.14,91.02,2020-06-29 13:30:00
74.5,92.39,2020-06-24 09:00:00
73.6,92.6,2020-06-24 09:30:00
73.58,92.31,2020-06-24 10:00:00
73.35,92.48,2020-06-24 10:30:00
72.84,92.37,2020-06-24 11:00:00
72.85,92.41,2020-06-24 11:30:00
72.56,92.36,2020-06-24 12:00:00
72.75,92.5,2020-06-24 12:30:00
72.62,92.4,2020-06-24 13:00:00
72.81,92.54,2020-06-24 13:30:00
74.46,92.82,2020-06-23 09:00:00
75.01,92.36,2020-06-23 09:30:00
74.96,92.24,2020-06-23 10:00:00
74.96,92.4,2020-06-23 10:30:00
74.92,92.28,2020-06-23 11:00:00
74.95,92.32,2020-06-23 11:30:00
74.74,92.27,2020-06-23 12:00:00
74.67,92.24,2020-06-23 12:30:00
74.71,92.33,2020-06-23 13:00:00
74.5,92.39,2020-06-23 13:30:00
74.07,92.84,2020-06-22 09:00:00
74.74,93.25,2020-06-22 09:30:00
74.57,92.97,2020-06-22 10:00:00
75.2,92.96,2020-06-22 10:30:00
74.84,92.87,2020-06-22 11:00:00
74.77,92.78,2020-06-22 11:30:00
74.73,92.53,2020-06-22 12:00:00
74.7,92.45,2020-06-22 12:30:00
74.28,92.61,2020-06-22 13:00:00
74.46,92.82,2020-06-22 13:30:00
75.08,93.87,2020-06-19 09:00:00
74.37,93.53,2020-06-19 09:30:00
73.93,93.71,2020-06-19 10:00:00
74.15,93.54,2020-06-19 10:30:00
74.51,93.3,2020-06-19 11:00:00
74.76,93.25,2020-06-19 11:30:00
74.66,93.33,2020-06-19 12:00:00
74.61,93.17,2020-06-19 12:30:00
74.16,93.04,2020-06-19 13:00:00
74.07,92.84,2020-06-19 13:30:00
73.02,93.87,2020-06-18 09:00:00
75.26,93.6,2020-06-18 09:30:00
75.29,93.3,2020-06-18 10:00:00
75.43,93.31,2020-06-18 10:30:00
75.28,93.31,2020-06-18 11:00:00
75.48,93.42,2020-06-18 11:30:00
75.49,93.6,2020-06-18 12:00:00
75.35,93.83,2020-06-18 12:30:00
74.92,93.8,2020-06-18 13:00:00
75.08,93.87,2020-06-18 13:30:00
70.58,93.59,2020-06-17 09:00:00
71.63,93.56,2020-06-17 09:30:00
72.04,93.62,2020-06-17 10:00:00
72.52,93.6,2020-06-17 10:30:00
72.82,93.47,2020-06-17 11:00:00
73.13,93.37,2020-06-17 11:30:00
72.74,93.54,2020-06-17 12:00:00
73.29,93.62,2020-06-17 12:30:00
73.14,93.83,2020-06-17 13:00:00
73.02,93.87,2020-06-17 13:30:00
70.5,91.96,2020-06-16 09:00:00
70.88,93.05,2020-06-16 09:30:00
70.87,93.24,2020-06-16 10:00:00
70.58,92.99,2020-06-16 10:30:00
70.83,93.21,2020-06-16 11:00:00
70.75,93.15,2020-06-16 11:30:00
70.71,93.22,2020-06-16 12:00:00
70.44,93.21,2020-06-16 12:30:00
70.51,93.3,2020-06-16 13:00:00
70.58,93.59,2020-06-16 13:30:00
68.56,93.21,2020-06-15 09:00:00
70.33,91.94,2020-06-15 09:30:00
70.87,92.38,2020-06-15 10:00:00
70.92,92.75,2020-06-15 10:30:00
70.8,92.53,2020-06-15 11:00:00
70.86,92.53,2020-06-15 11:30:00
71.22,92.41,2020-06-15 12:00:00
71.3,92.3,2020-06-15 12:30:00
71.31,92.19,2020-06-15 13:00:00
70.5,91.96,2020-06-15 13:30:00
67.43,94.3,2020-06-12 09:00:00
66.94,91.45,2020-06-12 09:30:00
67.63,92.68,2020-06-12 10:00:00
67.8,92.88,2020-06-12 10:30:00
67.74,92.59,2020-06-12 11:00:00
67.55,92.36,2020-06-12 11:30:00
67.8,92.28,2020-06-12 12:00:00
68.07,92.44,2020-06-12 12:30:00
68.11,92.68,2020-06-12 13:00:00
68.56,93.21,2020-06-12 13:30:00
69.82,97.76,2020-06-11 09:00:00
70.02,96.67,2020-06-11 09:30:00
70.04,96.93,2020-06-11 10:00:00
70.04,96.91,2020-06-11 10:30:00
69.87,96.69,2020-06-11 11:00:00
69.37,96.37,2020-06-11 11:30:00
68.34,95.22,2020-06-11 12:00:00
68.09,94.82,2020-06-11 12:30:00
67.6,94.58,2020-06-11 13:00:00
67.43,94.3,2020-06-11 13:30:00
68.76,98.77,2020-06-10 09:00:00
69.44,98.08,2020-06-10 09:30:00
69.64,97.87,2020-06-10 10:00:00
69.66,97.79,2020-06-10 10:30:00
69.69,97.6,2020-06-10 11:00:00
69.5,97.41,2020-06-10 11:30:00
69.64,97.42,2020-06-10 12:00:00
69.71,97.46,2020-06-10 12:30:00
69.82,97.6,2020-06-10 13:00:00
69.82,97.76,2020-06-10 13:30:00
67.36,99.09,2020-06-09 09:00:00
67.53,99.52,2020-06-09 09:30:00
67.88,99.84,2020-06-09 10:00:00
68.1,99.28,2020-06-09 10:30:00
68.13,99.26,2020-06-09 11:00:00
68.09,98.95,2020-06-09 11:30:00
68.56,98.95,2020-06-09 12:00:00
68.72,98.88,2020-06-09 12:30:00
68.49,98.69,2020-06-09 13:00:00
68.76,98.77,2020-06-09 13:30:00
67.52,97.42,2020-06-08 09:00:00
67.9,97.64,2020-06-08 09:30:00
67.83,97.87,2020-06-08 10:00:00
67.9,98.27,2020-06-08 10:30:00
67.95,99.36,2020-06-08 11:00:00
67.71,99.81,2020-06-08 11:30:00
67.67,99.69,2020-06-08 12:00:00
67.55,99.33,2020-06-08 12:30:00
67.43,99.04,2020-06-08 13:00:00
67.36,99.09,2020-06-08 13:30:00
67.04,97.27,2020-06-05 09:00:00
66.92,97.45,2020-06-05 09:30:00
66.97,97.39,2020-06-05 10:00:00
67.64,97.75,2020-06-05 10:30:00
67.57,97.68,2020-06-05 11:00:00
67.48,97.64,2020-06-05 11:30:00
67.41,97.55,2020-06-05 12:00:00
67.46,97.59,2020-06-05 12:30:00
67.53,97.49,2020-06-05 13:00:00
67.52,97.42,2020-06-05 13:30:00
66.25,96.47,2020-06-04 09:00:00
66.55,97.22,2020-06-04 09:30:00
66.43,96.79,2020-06-04 10:00:00
66.68,96.88,2020-06-04 10:30:00
66.76,96.94,2020-06-04 11:00:00
66.83,96.89,2020-06-04 11:30:00
66.85,96.92,2020-06-04 12:00:00
66.85,96.99,2020-06-04 12:30:00
66.84,97.01,2020-06-04 13:00:00
67.04,97.27,2020-06-04 13:30:00
64.83,94.45,2020-06-03 09:00:00
65.69,95.37,2020-06-03 09:30:00
66.07,95.41,2020-06-03 10:00:00
66.18,95.8,2020-06-03 10:30:00
66.31,95.85,2020-06-03 11:00:00
66.13,96.05,2020-06-03 11:30:00
66.13,96.24,2020-06-03 12:00:00
66.16,96.37,2020-06-03 12:30:00
66.22,96.3,2020-06-03 13:00:00
66.25,96.47,2020-06-03 13:30:00
66.1,95.24,2020-06-02 09:00:00
65.76,95.35,2020-06-02 09:30:00
65.22,95.22,2020-06-02 10:00:00
64.68,95.03,2020-06-02 10:30:00
64.81,95.12,2020-06-02 11:00:00
64.97,94.8,2020-06-02 11:30:00
65.1,94.89,2020-06-02 12:00:00
64.97,94.86,2020-06-02 12:30:00
64.86,94.58,2020-06-02 13:00:00
64.83,94.45,2020-06-02 13:30:00
66.32,94.89,2020-06-01 09:00:00
66.66,95.3,2020-06-01 09:30:00
66.44,95.04,2020-06-01 10:00:00
66.62,95.28,2020-06-01 10:30:00
66.57,95.36,2020-06-01 11:00:00
66.52,95.32,2020-06-01 11:30:00
66.48,95.03,2020-06-01 12:00:00
66.46,95.14,2020-06-01 12:30:00
66.33,95.21,2020-06-01 13:00:00
66.1,95.24,2020-06-01 13:30:00
65.69,93.43,2020-05-29 09:00:00
65.89,93.94,2020-05-29 09:30:00
65.97,94.01,2020-05-29 10:00:00
65.74,93.66,2020-05-29 10:30:00
66.12,93.85,2020-05-29 11:00:00
66.51,93.61,2020-05-29 11:30:00
66.52,93.45,2020-05-29 12:00:00
66.25,93.45,2020-05-29 12:30:00
66.32,93.32,2020-05-29 13:00:00
66.32,94.89,2020-05-29 13:30:00
67.21,94.26,2020-05-28 09:00:00
66.81,95.65,2020-05-28 09:30:00
66.94,95.41,2020-05-28 10:00:00
67.09,95.09,2020-05-28 10:30:00
66.9,94.53,2020-05-28 11:00:00
66.7,94.41,2020-05-28 11:30:00
66.15,93.6,2020-05-28 12:00:00
65.72,92.9,2020-05-28 12:30:00
65.74,93.21,2020-05-28 13:00:00
65.69,93.43,2020-05-28 13:30:00
69.26,92.58,2020-05-27 09:00:00
68.1,94.91,2020-05-27 09:30:00
67.38,94.58,2020-05-27 10:00:00
67.33,94.28,2020-05-27 10:30:00
67.71,94.38,2020-05-27 11:00:00
67.86,94.72,2020-05-27 11:30:00
67.76,94.81,2020-05-27 12:00:00
67.55,94.48,2020-05-27 12:30:00
67.36,94.43,2020-05-27 13:00:00
67.21,94.26,2020-05-27 13:30:00
69.29,91.25,2020-05-26 09:00:00
71.27,94.52,2020-05-26 09:30:00
69.77,92.9,2020-05-26 10:00:00
69.51,93.08,2020-05-26 10:30:00
69.74,93.17,2020-05-26 11:00:00
70.1,93.26,2020-05-26 11:30:00
69.93,93.12,2020-05-26 12:00:00
69.56,93.06,2020-05-26 12:30:00
69.38,92.77,2020-05-26 13:00:00
69.26,92.58,2020-05-26 13:30:00
66.91,85.97,2020-05-25 09:00:00
67.82,87.61,2020-05-25 09:30:00
68.64,88.56,2020-05-25 10:00:00
68.82,89.88,2020-05-25 10:30:00
68.66,90.51,2020-05-25 11:00:00
68.69,91.07,2020-05-25 11:30:00
68.88,91.06,2020-05-25 12:00:00
68.89,91.32,2020-05-25 12:30:00
69.13,91.29,2020-05-25 13:00:00
69.29,91.25,2020-05-25 13:30:00
66.62,86.32,2020-05-22 09:00:00
67.53,86.31,2020-05-22 09:30:00
67.42,85.87,2020-05-22 10:00:00
67.89,85.98,2020-05-22 10:30:00
67.85,85.66,2020-05-22 11:00:00
67.27,85.96,2020-05-22 11:30:00
66.98,85.93,2020-05-22 12:00:00
67.19,85.97,2020-05-22 12:30:00
66.95,86.04,2020-05-22 13:00:00
66.91,85.97,2020-05-22 13:30:00
65.82,85.53,2020-05-21 09:00:00
66.4,85.96,2020-05-21 09:30:00
66.43,85.59,2020-05-21 10:00:00
66.81,85.64,2020-05-21 10:30:00
66.75,85.74,2020-05-21 11:00:00
66.76,85.73,2020-05-21 11:30:00
66.89,86.04,2020-05-21 12:00:00
66.69,86.07,2020-05-21 12:30:00
66.69,86.16,2020-05-21 13:00:00
66.62,86.32,2020-05-21 13:30:00
65.08,85.04,2020-05-20 09:00:00
65.55,85.65,2020-05-20 09:30:00
66.04,85.51,2020-05-20 10:00:00
66.06,85.25,2020-05-20 10:30:00
65.71,85.14,2020-05-20 11:00:00
65.76,85.28,2020-05-20 11:30:00
65.88,85.42,2020-05-20 12:00:00
65.93,85.39,2020-05-20 12:30:00
65.81,85.47,2020-05-20 13:00:00
65.82,85.53,2020-05-20 13:30:00
64.67,83.45,2020-05-19 09:00:00
65.06,84.7,2020-05-19 09:30:00
64.82,84.84,2020-05-19 10:00:00
65.11,85.51,2020-05-19 10:30:00
65.09,85.2,2020-05-19 11:00:00
64.81,85.67,2020-05-19 11:30:00
64.36,85.37,2020-05-19 12:00:00
64.67,85.28,2020-05-19 12:30:00
65.19,85.04,2020-05-19 13:00:00
65.08,85.04,2020-05-19 13:30:00
62.44,82.54,2020-05-18 09:00:00
64.27,83.39,2020-05-18 09:30:00
64.68,83.46,2020-05-18 10:00:00
64.93,83.48,2020-05-18 10:30:00
64.86,83.42,2020-05-18 11:00:00
64.82,83.73,2020-05-18 11:30:00
64.75,83.62,2020-05-18 12:00:00
64.72,83.64,2020-05-18 12:30:00
64.82,83.68,2020-05-18 13:00:00
64.67,83.45,2020-05-18 13:30:00
62.69,82.51,2020-05-15 09:00:00
63.09,82.7,2020-05-15 09:30:00
62.53,82.51,2020-05-15 10:00:00
62.01,81.85,2020-05-15 10:30:00
62.3,82.29,2020-05-15 11:00:00
62.42,82.42,2020-05-15 11:30:00
62.53,82.65,2020-05-15 12:00:00
62.3,82.51,2020-05-15 12:30:00
62.44,82.49,2020-05-15 13:00:00
62.44,82.54,2020-05-15 13:30:00
64.3,83.46,2020-05-14 09:00:00
64.41,82.9,2020-05-14 09:30:00
64.54,82.49,2020-05-14 10:00:00
64.44,82.79,2020-05-14 10:30:00
64.4,82.84,2020-05-14 11:00:00
64.43,83.38,2020-05-14 11:30:00
64.43,83.07,2020-05-14 12:00:00
64.39,83.02,2020-05-14 12:30:00
63.4,82.96,2020-05-14 13:00:00
62.69,82.51,2020-05-14 13:30:00
63.28,83.44,2020-05-13 09:00:00
63.39,82.74,2020-05-13 09:30:00
63.38,82.78,2020-05-13 10:00:00
63.79,83.18,2020-05-13 10:30:00
63.61,83.28,2020-05-13 11:00:00
63.74,83.24,2020-05-13 11:30:00
63.92,83.43,2020-05-13 12:00:00
64.18,83.37,2020-05-13 12:30:00
64.46,83.56,2020-05-13 13:00:00
64.3,83.46,2020-05-13 13:30:00
63.22,83.68,2020-05-12 09:00:00
63.93,83.48,2020-05-12 09:30:00
63.54,82.97,2020-05-12 10:00:00
63.48,83.41,2020-05-12 10:30:00
63.08,83.27,2020-05-12 11:00:00
62.57,83.04,2020-05-12 11:30:00
62.86,83.11,2020-05-12 12:00:00
62.96,83.31,2020-05-12 12:30:00
62.98,83.26,2020-05-12 13:00:00
63.28,83.44,2020-05-12 13:30:00
63.13,81.67,2020-05-11 09:00:00
62.64,83.19,2020-05-11 09:30:00
62.88,83.4,2020-05-11 10:00:00
62.8,83.42,2020-05-11 10:30:00
63.08,83.66,2020-05-11 11:00:00
63.45,83.62,2020-05-11 11:30:00
63.31,83.47,2020-05-11 12:00:00
63.34,83.54,2020-05-11 12:30:00
63.17,83.72,2020-05-11 13:00:00
63.22,83.68,2020-05-11 13:30:00
65.64,81.69,2020-05-08 09:00:00
65.45,82.05,2020-05-08 09:30:00
65.01,82.04,2020-05-08 10:00:00
64.41,81.93,2020-05-08 10:30:00
64.08,82.06,2020-05-08 11:00:00
64.0,81.99,2020-05-08 11:30:00
63.96,82.02,2020-05-08 12:00:00
63.42,82.02,2020-05-08 12:30:00
63.22,81.98,2020-05-08 13:00:00
63.13,81.67,2020-05-08 13:30:00
64.59,81.04,2020-05-07 09:00:00
65.15,81.18,2020-05-07 09:30:00
64.91,80.94,2020-05-07 10:00:00
65.55,81.28,2020-05-07 10:30:00
65.65,81.41,2020-05-07 11:00:00
65.49,81.57,2020-05-07 11:30:00
65.32,81.67,2020-05-07 12:00:00
65.46,81.67,2020-05-07 12:30:00
65.6,81.69,2020-05-07 13:00:00
65.64,81.69,2020-05-07 13:30:00
63.67,82.05,2020-05-06 09:00:00
66.25,81.83,2020-05-06 09:30:00
66.37,81.63,2020-05-06 10:00:00
66.95,81.7,2020-05-06 10:30:00
67.02,81.77,2020-05-06 11:00:00
66.79,81.73,2020-05-06 11:30:00
65.86,81.54,2020-05-06 12:00:00
65.51,81.43,2020-05-06 12:30:00
65.03,81.37,2020-05-06 13:00:00
64.59,81.04,2020-05-06 13:30:00
62.2,82.11,2020-05-05 09:00:00
63.76,82.56,2020-05-05 09:30:00
63.81,82.51,2020-05-05 10:00:00
63.51,82.39,2020-05-05 10:30:00
63.13,81.71,2020-05-05 11:00:00
63.31,81.84,2020-05-05 11:30:00
63.39,81.84,2020-05-05 12:00:00
63.64,82.0,2020-05-05 12:30:00
63.65,82.1,2020-05-05 13:00:00
63.67,82.05,2020-05-05 13:30:00
60.86,82.8,2020-05-04 09:00:00
60.93,81.77,2020-05-04 09:30:00
61.49,82.05,2020-05-04 10:00:00
61.96,81.76,2020-05-04 10:30:00
62.41,82.13,2020-05-04 11:00:00
62.44,82.25,2020-05-04 11:30:00
62.48,82.07,2020-05-04 12:00:00
62.36,82.01,2020-05-04 12:30:00
62.38,81.66,2020-05-04 13:00:00
62.2,82.11,2020-05-04 13:30:00
59.67,79.37,2020-04-30 09:00:00
60.4,81.51,2020-04-30 09:30:00
60.62,82.17,2020-04-30 10:00:00
60.81,82.36,2020-04-30 10:30:00
60.9,82.67,2020-04-30 11:00:00
60.8,82.82,2020-04-30 11:30:00
60.97,83.23,2020-04-30 12:00:00
60.94,82.95,2020-04-30 12:30:00
60.99,82.91,2020-04-30 13:00:00
60.86,82.8,2020-04-30 13:30:00
59.22,76.9,2020-04-29 09:00:00
59.5,78.0,2020-04-29 09:30:00
59.49,78.01,2020-04-29 10:00:00
59.56,78.33,2020-04-29 10:30:00
59.57,78.96,2020-04-29 11:00:00
59.62,78.95,2020-04-29 11:30:00
59.54,79.15,2020-04-29 12:00:00
59.49,79.22,2020-04-29 12:30:00
59.47,79.19,2020-04-29 13:00:00
59.67,79.37,2020-04-29 13:30:00
59.4,75.96,2020-04-28 09:00:00
59.5,76.3,2020-04-28 09:30:00
59.27,76.29,2020-04-28 10:00:00
59.41,76.53,2020-04-28 10:30:00
59.38,76.49,2020-04-28 11:00:00
59.27,76.71,2020-04-28 11:30:00
59.35,76.97,2020-04-28 12:00:00
59.21,77.01,2020-04-28 12:30:00
59.2,77.04,2020-04-28 13:00:00
59.22,76.9,2020-04-28 13:30:00
57.71,73.92,2020-04-27 09:00:00
58.59,74.27,2020-04-27 09:30:00
58.8,74.41,2020-04-27 10:00:00
58.94,74.65,2020-04-27 10:30:00
59.27,74.96,2020-04-27 11:00:00
59.28,75.09,2020-04-27 11:30:00
59.35,75.12,2020-04-27 12:00:00
59.3,75.19,2020-04-27 12:30:00
59.32,75.44,2020-04-27 13:00:00
59.4,75.96,2020-04-27 13:30:00
57.62,74.76,2020-04-24 09:00:00
57.69,73.88,2020-04-24 09:30:00
57.96,73.83,2020-04-24 10:00:00
57.98,73.94,2020-04-24 10:30:00
57.9,73.92,2020-04-24 11:00:00
57.69,73.84,2020-04-24 11:30:00
57.83,73.83,2020-04-24 12:00:00
57.78,73.92,2020-04-24 12:30:00
57.75,73.98,2020-04-24 13:00:00
57.71,73.92,2020-04-24 13:30:00
56.7,74.69,2020-04-23 09:00:00
57.55,75.07,2020-04-23 09:30:00
57.48,75.0,2020-04-23 10:00:00
57.42,74.76,2020-04-23 10:30:00
57.37,74.49,2020-04-23 11:00:00
57.46,74.53,2020-04-23 11:30:00
57.41,74.66,2020-04-23 12:00:00
57.54,74.73,2020-04-23 12:30:00
57.64,74.57,2020-04-23 13:00:00
57.62,74.76,2020-04-23 13:30:00
56.19,74.33,2020-04-22 09:00:00
56.15,73.53,2020-04-22 09:30:00
56.1,73.53,2020-04-22 10:00:00
56.34,73.73,2020-04-22 10:30:00
56.58,74.02,2020-04-22 11:00:00
56.61,74.35,2020-04-22 11:30:00
56.64,74.53,2020-04-22 12:00:00
56.53,74.35,2020-04-22 12:30:00
56.51,74.19,2020-04-22 13:00:00
56.7,74.69,2020-04-22 13:30:00
58.34,76.62,2020-04-21 09:00:00
58.33,76.28,2020-04-21 09:30:00
57.67,75.56,2020-04-21 10:00:00
57.02,74.88,2020-04-21 10:30:00
56.73,74.67,2020-04-21 11:00:00
56.64,74.63,2020-04-21 11:30:00
56.54,74.62,2020-04-21 12:00:00
56.34,74.45,2020-04-21 12:30:00
56.24,74.39,2020-04-21 13:00:00
56.19,74.33,2020-04-21 13:30:00
57.23,76.36,2020-04-20 09:00:00
58.17,75.73,2020-04-20 09:30:00
58.08,76.08,2020-04-20 10:00:00
58.1,76.38,2020-04-20 10:30:00
57.99,76.12,2020-04-20 11:00:00
58.21,76.1,2020-04-20 11:30:00
58.24,76.13,2020-04-20 12:00:00
58.21,76.21,2020-04-20 12:30:00
58.32,76.26,2020-04-20 13:00:00
58.34,76.62,2020-04-20 13:30:00
57.57,76.5,2020-04-17 09:00:00
58.13,77.69,2020-04-17 09:30:00
58.37,77.85,2020-04-17 10:00:00
58.02,77.43,2020-04-17 10:30:00
57.88,77.24,2020-04-17 11:00:00
57.56,76.86,2020-04-17 11:30:00
57.19,76.43,2020-04-17 12:00:00
57.15,76.5,2020-04-17 12:30:00
57.26,76.55,2020-04-17 13:00:00
57.23,76.36,2020-04-17 13:30:00
57.45,77.71,2020-04-16 09:00:00
57.53,75.87,2020-04-16 09:30:00
57.67,76.21,2020-04-16 10:00:00
57.88,76.84,2020-04-16 10:30:00
57.87,76.93,2020-04-16 11:00:00
57.72,76.67,2020-04-16 11:30:00
57.72,76.59,2020-04-16 12:00:00
57.67,76.47,2020-04-16 12:30:00
57.66,76.45,2020-04-16 13:00:00
57.57,76.5,2020-04-16 13:30:00
56.91,74.38,2020-04-15 09:00:00
57.39,76.05,2020-04-15 09:30:00
57.54,76.33,2020-04-15 10:00:00
57.47,76.32,2020-04-15 10:30:00
57.07,75.86,2020-04-15 11:00:00
57.08,76.12,2020-04-15 11:30:00
57.16,76.3,2020-04-15 12:00:00
57.21,76.15,2020-04-15 12:30:00
57.41,76.81,2020-04-15 13:00:00
57.45,77.71,2020-04-15 13:30:00
55.91,73.17,2020-04-14 09:00:00
56.78,73.47,2020-04-14 09:30:00
57.2,73.7,2020-04-14 10:00:00
57.01,73.79,2020-04-14 10:30:00
56.92,73.91,2020-04-14 11:00:00
56.89,73.91,2020-04-14 11:30:00
56.88,74.02,2020-04-14 12:00:00
56.85,74.11,2020-04-14 12:30:00
56.81,74.22,2020-04-14 13:00:00
56.91,74.38,2020-04-14 13:30:00
55.74,73.58,2020-04-13 09:00:00
55.8,72.51,2020-04-13 09:30:00
56.1,73.0,2020-04-13 10:00:00
56.2,73.06,2020-04-13 10:30:00
56.32,73.16,2020-04-13 11:00:00
56.34,73.16,2020-04-13 11:30:00
56.05,73.02,2020-04-13 12:00:00
56.05,72.99,2020-04-13 12:30:00
56.13,73.07,2020-04-13 13:00:00
55.91,73.17,2020-04-13 13:30:00
55.68,73.54,2020-04-10 09:00:00
56.29,73.27,2020-04-10 09:30:00
55.67,73.13,2020-04-10 10:00:00
55.71,73.15,2020-04-10 10:30:00
55.77,73.05,2020-04-10 11:00:00
55.92,73.03,2020-04-10 11:30:00
55.74,73.14,2020-04-10 12:00:00
55.67,73.17,2020-04-10 12:30:00
55.76,73.28,2020-04-10 13:00:00
55.74,73.58,2020-04-10 13:30:00
54.67,73.21,2020-04-09 09:00:00
55.82,73.87,2020-04-09 09:30:00
55.72,73.41,2020-04-09 10:00:00
56.07,73.43,2020-04-09 10:30:00
55.77,73.34,2020-04-09 11:00:00
55.85,73.28,2020-04-09 11:30:00
55.99,73.38,2020-04-09 12:00:00
55.91,73.32,2020-04-09 12:30:00
55.98,73.46,2020-04-09 13:00:00
55.68,73.54,2020-04-09 13:30:00
54.35,71.46,2020-04-08 09:00:00
54.68,72.09,2020-04-08 09:30:00
54.25,71.6,2020-04-08 10:00:00
54.31,71.81,2020-04-08 10:30:00
54.39,72.18,2020-04-08 11:00:00
54.31,72.43,2020-04-08 11:30:00
54.41,72.54,2020-04-08 12:00:00
54.52,72.87,2020-04-08 12:30:00
54.72,72.86,2020-04-08 13:00:00
54.67,73.21,2020-04-08 13:30:00
54.14,70.25,2020-04-07 09:00:00
54.55,71.65,2020-04-07 09:30:00
54.35,71.37,2020-04-07 10:00:00
54.26,71.25,2020-04-07 10:30:00
54.28,71.26,2020-04-07 11:00:00
54.29,71.36,2020-04-07 11:30:00
54.19,71.29,2020-04-07 12:00:00
54.12,71.41,2020-04-07 12:30:00
54.25,71.64,2020-04-07 13:00:00
54.35,71.46,2020-04-07 13:30:00
52.94,70.03,2020-04-06 09:00:00
53.31,69.36,2020-04-06 09:30:00
53.68,69.26,2020-04-06 10:00:00
53.64,69.79,2020-04-06 10:30:00
53.77,69.95,2020-04-06 11:00:00
53.88,69.98,2020-04-06 11:30:00
53.95,69.9,2020-04-06 12:00:00
53.99,69.83,2020-04-06 12:30:00
54.07,70.12,2020-04-06 13:00:00
54.14,70.25,2020-04-06 13:30:00
52.66,70.28,2020-04-01 09:00:00
52.81,70.12,2020-04-01 09:30:00
53.0,70.14,2020-04-01 10:00:00
52.97,70.28,2020-04-01 10:30:00
53.05,70.26,2020-04-01 11:00:00
53.03,69.93,2020-04-01 11:30:00
52.91,69.96,2020-04-01 12:00:00
52.79,69.91,2020-04-01 12:30:00
52.89,69.86,2020-04-01 13:00:00
52.94,70.03,2020-04-01 13:30:00
52.32,69.59,2020-03-31 09:00:00
52.45,70.44,2020-03-31 09:30:00
52.46,70.4,2020-03-31 10:00:00
52.63,70.46,2020-03-31 10:30:00
52.6,70.58,2020-03-31 11:00:00
52.5,70.56,2020-03-31 11:30:00
52.7,70.58,2020-03-31 12:00:00
52.67,70.51,2020-03-31 12:30:00
52.43,70.05,2020-03-31 13:00:00
52.66,70.28,2020-03-31 13:30:00
51.53,70.02,2020-03-30 09:00:00
51.66,68.53,2020-03-30 09:30:00
51.83,68.71,2020-03-30 10:00:00
52.02,68.63,2020-03-30 10:30:00
52.04,68.82,2020-03-30 11:00:00
52.15,68.95,2020-03-30 11:30:00
52.09,68.98,2020-03-30 12:00:00
52.21,69.52,2020-03-30 12:30:00
52.08,69.35,2020-03-30 13:00:00
52.32,69.59,2020-03-30 13:30:00
51.06,69.45,2020-03-27 09:00:00
52.84,70.93,2020-03-27 09:30:00
52.37,70.58,2020-03-27 10:00:00
52.19,70.43,2020-03-27 10:30:00
52.25,70.31,2020-03-27 11:00:00
52.39,70.58,2020-03-27 11:30:00
52.34,70.41,2020-03-27 12:00:00
52.09,70.31,2020-03-27 12:30:00
51.74,70.05,2020-03-27 13:00:00
51.53,70.02,2020-03-27 13:30:00
49.46,68.6,2020-03-26 09:00:00
49.23,68.32,2020-03-26 09:30:00
49.84,68.84,2020-03-26 10:00:00
50.02,69.07,2020-03-26 10:30:00
50.3,69.19,2020-03-26 11:00:00
50.19,69.27,2020-03-26 11:30:00
50.39,69.15,2020-03-26 12:00:00
50.53,69.31,2020-03-26 12:30:00
50.68,69.2,2020-03-26 13:00:00
51.06,69.45,2020-03-26 13:30:00
47.95,65.73,2020-03-25 09:00:00
49.66,69.12,2020-03-25 09:30:00
49.92,69.5,2020-03-25 10:00:00
49.8,69.2,2020-03-25 10:30:00
49.65,68.91,2020-03-25 11:00:00
49.64,69.09,2020-03-25 11:30:00
49.61,68.86,2020-03-25 12:00:00
49.54,68.54,2020-03-25 12:30:00
49.29,68.29,2020-03-25 13:00:00
49.46,68.6,2020-03-25 13:30:00
46.5,62.55,2020-03-24 09:00:00
47.99,64.55,2020-03-24 09:30:00
48.22,65.09,2020-03-24 10:00:00
48.17,65.54,2020-03-24 10:30:00
48.3,65.96,2020-03-24 11:00:00
48.02,65.72,2020-03-24 11:30:00
47.91,65.48,2020-03-24 12:00:00
47.89,65.62,2020-03-24 12:30:00
47.84,65.47,2020-03-24 13:00:00
47.95,65.73,2020-03-24 13:30:00
47.3,63.03,2020-03-23 09:00:00
45.6,60.5,2020-03-23 09:30:00
46.09,61.22,2020-03-23 10:00:00
45.94,61.08,2020-03-23 10:30:00
46.15,61.58,2020-03-23 11:00:00
46.65,61.81,2020-03-23 11:30:00
46.7,62.01,2020-03-23 12:00:00
46.6,61.78,2020-03-23 12:30:00
46.5,62.2,2020-03-23 13:00:00
46.5,62.55,2020-03-23 13:30:00
45.25,59.79,2020-03-20 09:00:00
47.23,62.11,2020-03-20 09:30:00
47.54,62.84,2020-03-20 10:00:00
47.78,63.05,2020-03-20 10:30:00
47.54,62.83,2020-03-20 11:00:00
47.46,62.93,2020-03-20 11:30:00
47.5,63.05,2020-03-20 12:00:00
47.58,63.21,2020-03-20 12:30:00
47.64,63.29,2020-03-20 13:00:00
47.3,63.03,2020-03-20 13:30:00
49.65,64.91,2020-03-19 09:00:00
47.55,61.1,2020-03-19 09:30:00
46.22,60.48,2020-03-19 10:00:00
45.85,60.16,2020-03-19 10:30:00
45.34,59.58,2020-03-19 11:00:00
45.4,59.71,2020-03-19 11:30:00
45.41,59.75,2020-03-19 12:00:00
45.34,59.68,2020-03-19 12:30:00
45.28,59.83,2020-03-19 13:00:00
45.25,59.79,2020-03-19 13:30:00
50.95,68.26,2020-03-18 09:00:00
50.96,66.35,2020-03-18 09:30:00
50.97,66.68,2020-03-18 10:00:00
50.71,66.49,2020-03-18 10:30:00
50.77,66.18,2020-03-18 11:00:00
50.78,66.19,2020-03-18 11:30:00
50.79,66.26,2020-03-18 12:00:00
50.27,65.74,2020-03-18 12:30:00
50.1,65.28,2020-03-18 13:00:00
49.65,64.91,2020-03-18 13:30:00
53.39,72.68,2020-03-17 09:00:00
52.2,70.32,2020-03-17 09:30:00
51.63,69.99,2020-03-17 10:00:00
51.14,69.46,2020-03-17 10:30:00
51.15,69.13,2020-03-17 11:00:00
50.97,68.74,2020-03-17 11:30:00
51.27,68.79,2020-03-17 12:00:00
51.26,68.76,2020-03-17 12:30:00
51.29,68.37,2020-03-17 13:00:00
50.95,68.26,2020-03-17 13:30:00
54.89,76.23,2020-03-16 09:00:00
55.87,75.45,2020-03-16 09:30:00
55.59,74.38,2020-03-16 10:00:00
55.68,74.31,2020-03-16 10:30:00
55.41,74.08,2020-03-16 11:00:00
54.82,73.43,2020-03-16 11:30:00
55.01,73.92,2020-03-16 12:00:00
54.01,73.48,2020-03-16 12:30:00
53.64,72.74,2020-03-16 13:00:00
53.39,72.68,2020-03-16 13:30:00
58.91,79.98,2020-03-13 09:00:00
53.63,74.87,2020-03-13 09:30:00
53.93,75.13,2020-03-13 10:00:00
54.3,75.16,2020-03-13 10:30:00
54.1,75.09,2020-03-13 11:00:00
53.86,74.57,2020-03-13 11:30:00
53.83,74.63,2020-03-13 12:00:00
53.76,74.38,2020-03-13 12:30:00
54.28,75.04,2020-03-13 13:00:00
54.89,76.23,2020-03-13 13:30:00
62.71,82.98,2020-03-12 09:00:00
60.65,80.72,2020-03-12 09:30:00
59.17,79.95,2020-03-12 10:00:00
59.76,80.29,2020-03-12 10:30:00
59.71,80.45,2020-03-12 11:00:00
59.42,80.16,2020-03-12 11:30:00
58.68,79.97,2020-03-12 12:00:00
58.62,80.09,2020-03-12 12:30:00
58.87,79.92,2020-03-12 13:00:00
58.91,79.98,2020-03-12 13:30:00
63.11,82.81,2020-03-11 09:00:00
63.65,83.72,2020-03-11 09:30:00
63.85,83.94,2020-03-11 10:00:00
63.86,84.02,2020-03-11 10:30:00
63.69,84.06,2020-03-11 11:00:00
63.74,83.97,2020-03-11 11:30:00
63.57,83.66,2020-03-11 12:00:00
63.44,83.82,2020-03-11 12:30:00
62.91,83.63,2020-03-11 13:00:00
62.71,82.98,2020-03-11 13:30:00
64.56,82.51,2020-03-10 09:00:00
62.26,80.85,2020-03-10 09:30:00
62.29,81.0,2020-03-10 10:00:00
62.03,80.93,2020-03-10 10:30:00
61.85,80.94,2020-03-10 11:00:00
62.28,81.45,2020-03-10 11:30:00
62.86,81.86,2020-03-10 12:00:00
62.91,82.46,2020-03-10 12:30:00
62.85,82.56,2020-03-10 13:00:00
63.11,82.81,2020-03-10 13:30:00
65.56,84.8,2020-03-09 09:00:00
66.82,83.77,2020-03-09 09:30:00
66.05,83.23,2020-03-09 10:00:00
66.08,83.06,2020-03-09 10:30:00
66.11,83.06,2020-03-09 11:00:00
66.17,83.2,2020-03-09 11:30:00
66.19,83.07,2020-03-09 12:00:00
65.92,83.0,2020-03-09 12:30:00
65.21,82.79,2020-03-09 13:00:00
64.56,82.51,2020-03-09 13:30:00
63.83,85.41,2020-03-06 09:00:00
64.67,84.91,2020-03-06 09:30:00
64.45,84.88,2020-03-06 10:00:00
64.73,84.82,2020-03-06 10:30:00
64.93,84.85,2020-03-06 11:00:00
64.85,84.79,2020-03-06 11:30:00
65.06,84.83,2020-03-06 12:00:00
65.36,84.82,2020-03-06 12:30:00
65.45,84.86,2020-03-06 13:00:00
65.56,84.8,2020-03-06 13:30:00
62.97,85.3,2020-03-05 09:00:00
63.42,85.61,2020-03-05 09:30:00
63.31,85.62,2020-03-05 10:00:00
63.27,85.52,2020-03-05 10:30:00
63.48,85.59,2020-03-05 11:00:00
63.52,85.62,2020-03-05 11:30:00
63.44,85.63,2020-03-05 12:00:00
63.53,85.53,2020-03-05 12:30:00
63.68,85.4,2020-03-05 13:00:00
63.83,85.41,2020-03-05 13:30:00
62.92,85.55,2020-03-04 09:00:00
63.01,85.42,2020-03-04 09:30:00
62.84,85.31,2020-03-04 10:00:00
62.7,85.09,2020-03-04 10:30:00
62.94,85.22,2020-03-04 11:00:00
62.93,85.21,2020-03-04 11:30:00
62.87,85.1,2020-03-04 12:00:00
62.91,85.15,2020-03-04 12:30:00
63.01,85.22,2020-03-04 13:00:00
62.97,85.3,2020-03-04 13:30:00
62.09,85.88,2020-03-03 09:00:00
62.87,86.15,2020-03-03 09:30:00
62.89,85.76,2020-03-03 10:00:00
62.97,85.65,2020-03-03 10:30:00
63.0,85.67,2020-03-03 11:00:00
63.01,85.57,2020-03-03 11:30:00
62.95,85.62,2020-03-03 12:00:00
62.89,85.7,2020-03-03 12:30:00
62.99,85.56,2020-03-03 13:00:00
62.92,85.55,2020-03-03 13:30:00
62.05,85.27,2020-03-02 09:00:00
61.3,84.52,2020-03-02 09:30:00
61.51,84.75,2020-03-02 10:00:00
61.81,85.4,2020-03-02 10:30:00
62.21,86.06,2020-03-02 11:00:00
62.32,86.27,2020-03-02 11:30:00
62.17,85.98,2020-03-02 12:00:00
62.12,85.77,2020-03-02 12:30:00
62.1,85.72,2020-03-02 13:00:00
62.09,85.88,2020-03-02 13:30:00
63.01,86.29,2020-02-27 09:00:00
63.29,85.93,2020-02-27 09:30:00
63.21,85.86,2020-02-27 10:00:00
62.95,85.94,2020-02-27 10:30:00
62.67,85.86,2020-02-27 11:00:00
62.64,85.69,2020-02-27 11:30:00
62.73,85.61,2020-02-27 12:00:00
62.46,85.31,2020-02-27 12:30:00
62.14,85.26,2020-02-27 13:00:00
62.05,85.27,2020-02-27 13:30:00
63.57,86.38,2020-02-26 09:00:00
63.35,86.22,2020-02-26 09:30:00
63.34,86.27,2020-02-26 10:00:00
63.37,86.29,2020-02-26 10:30:00
63.38,86.36,2020-02-26 11:00:00
63.35,86.52,2020-02-26 11:30:00
63.35,86.39,2020-02-26 12:00:00
63.22,86.47,2020-02-26 12:30:00
63.16,86.36,2020-02-26 13:00:00
63.01,86.29,2020-02-26 13:30:00
63.85,86.93,2020-02-25 09:00:00
63.43,86.19,2020-02-25 09:30:00
63.36,86.41,2020-02-25 10:00:00
63.53,86.42,2020-02-25 10:30:00
63.48,86.35,2020-02-25 11:00:00
63.52,86.35,2020-02-25 11:30:00
63.55,86.41,2020-02-25 12:00:00
63.61,86.35,2020-02-25 12:30:00
63.65,86.4,2020-02-25 13:00:00
63.57,86.38,2020-02-25 13:30:00
63.86,88.01,2020-02-24 09:00:00
64.23,87.21,2020-02-24 09:30:00
64.3,86.97,2020-02-24 10:00:00
64.25,87.04,2020-02-24 10:30:00
64.2,86.86,2020-02-24 11:00:00
64.15,86.85,2020-02-24 11:30:00
64.12,86.89,2020-02-24 12:00:00
64.17,86.85,2020-02-24 12:30:00
64.17,86.84,2020-02-24 13:00:00
63.85,86.93,2020-02-24 13:30:00
63.4,88.58,2020-02-21 09:00:00
63.79,88.38,2020-02-21 09:30:00
63.89,88.37,2020-02-21 10:00:00
63.81,88.11,2020-02-21 10:30:00
63.78,88.06,2020-02-21 11:00:00
63.84,88.0,2020-02-21 11:30:00
63.86,87.94,2020-02-21 12:00:00
63.84,87.87,2020-02-21 12:30:00
63.89,87.88,2020-02-21 13:00:00
63.86,88.01,2020-02-21 13:30:00
63.12,88.83,2020-02-20 09:00:00
63.43,88.98,2020-02-20 09:30:00
63.24,88.73,2020-02-20 10:00:00
63.29,88.66,2020-02-20 10:30:00
63.14,88.68,2020-02-20 11:00:00
63.2,88.7,2020-02-20 11:30:00
63.27,88.6,2020-02-20 12:00:00
63.31,88.59,2020-02-20 12:30:00
63.39,88.54,2020-02-20 13:00:00
63.4,88.58,2020-02-20 13:30:00
62.1,88.15,2020-02-19 09:00:00
62.52,88.41,2020-02-19 09:30:00
62.76,88.28,2020-02-19 10:00:00
62.9,88.43,2020-02-19 10:30:00
62.8,88.61,2020-02-19 11:00:00
63.06,88.67,2020-02-19 11:30:00
63.11,88.7,2020-02-19 12:00:00
63.24,88.85,2020-02-19 12:30:00
63.12,88.84,2020-02-19 13:00:00
63.12,88.83,2020-02-19 13:30:00
62.08,88.01,2020-02-18 09:00:00
62.28,88.5,2020-02-18 09:30:00
62.12,88.28,2020-02-18 10:00:00
62.19,88.3,2020-02-18 10:30:00
62.17,88.16,2020-02-18 11:00:00
62.09,88.17,2020-02-18 11:30:00
62.08,88.12,2020-02-18 12:00:00
62.05,88.0,2020-02-18 12:30:00
62.07,88.09,2020-02-18 13:00:00
62.1,88.15,2020-02-18 13:30:00
62.08,88.81,2020-02-17 09:00:00
62.72,87.74,2020-02-17 09:30:00
62.5,87.85,2020-02-17 10:00:00
62.42,88.0,2020-02-17 10:30:00
62.38,88.07,2020-02-17 11:00:00
62.29,88.19,2020-02-17 11:30:00
62.3,88.06,2020-02-17 12:00:00
62.23,88.0,2020-02-17 12:30:00
62.32,88.08,2020-02-17 13:00:00
62.08,88.01,2020-02-17 13:30:00
62.1,88.27,2020-02-14 09:00:00
62.33,88.6,2020-02-14 09:30:00
62.24,88.7,2020-02-14 10:00:00
62.22,88.79,2020-02-14 10:30:00
62.21,88.82,2020-02-14 11:00:00
62.11,88.82,2020-02-14 11:30:00
62.12,88.88,2020-02-14 12:00:00
62.11,88.83,2020-02-14 12:30:00
62.09,88.77,2020-02-14 13:00:00
62.08,88.81,2020-02-14 13:30:00
62.43,88.26,2020-02-13 09:00:00
62.47,88.58,2020-02-13 09:30:00
62.38,88.49,2020-02-13 10:00:00
62.29,88.54,2020-02-13 10:30:00
62.29,88.76,2020-02-13 11:00:00
62.29,88.63,2020-02-13 11:30:00
62.2,88.51,2020-02-13 12:00:00
62.13,88.35,2020-02-13 12:30:00
62.19,88.26,2020-02-13 13:00:00
62.1,88.27,2020-02-13 13:30:00
61.89,86.7,2020-02-12 09:00:00
62.45,88.0,2020-02-12 09:30:00
62.74,88.22,2020-02-12 10:00:00
62.7,88.25,2020-02-12 10:30:00
62.58,88.14,2020-02-12 11:00:00
62.5,88.3,2020-02-12 11:30:00
62.48,88.46,2020-02-12 12:00:00
62.5,88.51,2020-02-12 12:30:00
62.41,88.44,2020-02-12 13:00:00
62.43,88.26,2020-02-12 13:30:00
61.57,86.09,2020-02-11 09:00:00
61.92,86.19,2020-02-11 09:30:00
61.88,86.47,2020-02-11 10:00:00
61.89,86.63,2020-02-11 10:30:00
61.85,86.8,2020-02-11 11:00:00
61.88,86.78,2020-02-11 11:30:00
61.8,86.87,2020-02-11 12:00:00
61.76,86.76,2020-02-11 12:30:00
61.77,86.68,2020-02-11 13:00:00
61.89,86.7,2020-02-11 13:30:00
62.08,86.28,2020-02-10 09:00:00
61.49,85.19,2020-02-10 09:30:00
61.59,85.54,2020-02-10 10:00:00
61.65,85.52,2020-02-10 10:30:00
61.72,86.0,2020-02-10 11:00:00
61.65,85.92,2020-02-10 11:30:00
61.74,85.87,2020-02-10 12:00:00
61.72,85.9,2020-02-10 12:30:00
61.73,85.86,2020-02-10 13:00:00
61.57,86.09,2020-02-10 13:30:00
61.94,87.82,2020-02-07 09:00:00
62.0,86.71,2020-02-07 09:30:00
61.99,86.74,2020-02-07 10:00:00
62.26,86.91,2020-02-07 10:30:00
62.3,86.65,2020-02-07 11:00:00
62.39,86.57,2020-02-07 11:30:00
62.34,86.48,2020-02-07 12:00:00
62.17,86.54,2020-02-07 12:30:00
62.19,86.53,2020-02-07 13:00:00
62.08,86.28,2020-02-07 13:30:00
61.88,86.82,2020-02-06 09:00:00
62.22,87.47,2020-02-06 09:30:00
62.06,87.53,2020-02-06 10:00:00
62.05,87.4,2020-02-06 10:30:00
61.92,87.48,2020-02-06 11:00:00
61.89,87.57,2020-02-06 11:30:00
61.89,87.48,2020-02-06 12:00:00
61.87,87.58,2020-02-06 12:30:00
61.9,87.66,2020-02-06 13:00:00
61.94,87.82,2020-02-06 13:30:00
60.53,87.74,2020-02-05 09:00:00
61.53,86.95,2020-02-05 09:30:00
61.83,87.09,2020-02-05 10:00:00
62.13,87.24,2020-02-05 10:30:00
61.95,87.25,2020-02-05 11:00:00
62.11,87.24,2020-02-05 11:30:00
62.16,87.25,2020-02-05 12:00:00
61.85,87.01,2020-02-05 12:30:00
61.84,86.9,2020-02-05 13:00:00
61.88,86.82,2020-02-05 13:30:00
59.69,85.83,2020-02-04 09:00:00
60.55,87.24,2020-02-04 09:30:00
60.46,87.49,2020-02-04 10:00:00
60.47,87.32,2020-02-04 10:30:00
60.46,87.38,2020-02-04 11:00:00
60.4,87.09,2020-02-04 11:30:00
60.44,87.23,2020-02-04 12:00:00
60.53,87.38,2020-02-04 12:30:00
60.49,87.58,2020-02-04 13:00:00
60.53,87.74,2020-02-04 13:30:00
61.68,88.7,2020-02-03 09:00:00
59.02,84.13,2020-02-03 09:30:00
59.74,84.98,2020-02-03 10:00:00
59.99,85.23,2020-02-03 10:30:00
59.88,85.25,2020-02-03 11:00:00
59.86,85.38,2020-02-03 11:30:00
59.71,85.47,2020-02-03 12:00:00
59.71,85.5,2020-02-03 12:30:00
59.73,85.5,2020-02-03 13:00:00
59.69,85.83,2020-02-03 13:30:00
63.0,90.56,2020-01-31 09:00:00
62.26,88.4,2020-01-31 09:30:00
61.24,87.78,2020-01-31 10:00:00
61.57,88.18,2020-01-31 10:30:00
61.64,88.16,2020-01-31 11:00:00
61.75,88.32,2020-01-31 11:30:00
61.87,88.64,2020-01-31 12:00:00
61.79,88.52,2020-01-31 12:30:00
61.76,88.55,2020-01-31 13:00:00
61.68,88.7,2020-01-31 13:30:00
64.93,98.53,2020-01-30 09:00:00
64.42,91.18,2020-01-30 09:30:00
64.49,91.69,2020-01-30 10:00:00
63.94,91.29,2020-01-30 10:30:00
63.87,91.24,2020-01-30 11:00:00
63.79,91.08,2020-01-30 11:30:00
63.6,91.02,2020-01-30 12:00:00
63.41,90.82,2020-01-30 12:30:00
63.27,90.56,2020-01-30 13:00:00
63.0,90.56,2020-01-30 13:30:00
64.61,98.33,2020-01-20 09:00:00
64.89,98.67,2020-01-20 09:30:00
64.89,98.39,2020-01-20 10:00:00
64.84,98.43,2020-01-20 10:30:00
64.83,98.3,2020-01-20 11:00:00
64.85,98.34,2020-01-20 11:30:00
64.83,98.31,2020-01-20 12:00:00
64.81,98.39,2020-01-20 12:30:00
64.82,98.37,2020-01-20 13:00:00
64.93,98.53,2020-01-20 13:30:00
64.62,98.36,2020-01-17 09:00:00
64.78,98.32,2020-01-17 09:30:00
64.7,98.4,2020-01-17 10:00:00
64.73,98.31,2020-01-17 10:30:00
64.72,98.46,2020-01-17 11:00:00
64.68,98.52,2020-01-17 11:30:00
64.72,98.49,2020-01-17 12:00:00
64.71,98.46,2020-01-17 12:30:00
64.62,98.5,2020-01-17 13:00:00
64.61,98.33,2020-01-17 13:30:00
64.55,98.75,2020-01-16 09:00:00
64.7,98.19,2020-01-16 09:30:00
64.72,98.38,2020-01-16 10:00:00
64.59,98.3,2020-01-16 10:30:00
64.62,98.21,2020-01-16 11:00:00
64.64,98.37,2020-01-16 11:30:00
64.6,98.33,2020-01-16 12:00:00
64.62,98.27,2020-01-16 12:30:00
64.6,98.31,2020-01-16 13:00:00
64.62,98.36,2020-01-16 13:30:00
64.61,99.37,2020-01-15 09:00:00
64.79,98.88,2020-01-15 09:30:00
64.76,98.74,2020-01-15 10:00:00
64.65,98.62,2020-01-15 10:30:00
64.65,98.71,2020-01-15 11:00:00
64.71,98.8,2020-01-15 11:30:00
64.67,98.81,2020-01-15 12:00:00
64.7,98.88,2020-01-15 12:30:00
64.65,98.89,2020-01-15 13:00:00
64.55,98.75,2020-01-15 13:30:00
64.63,99.5,2020-01-14 09:00:00
64.63,99.77,2020-01-14 09:30:00
64.61,99.66,2020-01-14 10:00:00
64.7,99.66,2020-01-14 10:30:00
64.71,99.5,2020-01-14 11:00:00
64.77,99.64,2020-01-14 11:30:00
64.7,99.52,2020-01-14 12:00:00
64.63,99.55,2020-01-14 12:30:00
64.58,99.44,2020-01-14 13:00:00
64.61,99.37,2020-01-14 13:30:00
64.51,102.19,2020-01-13 09:00:00
65.13,99.58,2020-01-13 09:30:00
65.03,99.65,2020-01-13 10:00:00
64.92,99.75,2020-01-13 10:30:00
64.87,99.69,2020-01-13 11:00:00
64.77,99.77,2020-01-13 11:30:00
64.76,99.71,2020-01-13 12:00:00
64.73,99.54,2020-01-13 12:30:00
64.7,99.68,2020-01-13 13:00:00
64.63,99.5,2020-01-13 13:30:00
64.03,101.24,2020-01-10 09:00:00
64.35,101.26,2020-01-10 09:30:00
64.31,101.51,2020-01-10 10:00:00
64.39,101.48,2020-01-10 10:30:00
64.42,101.67,2020-01-10 11:00:00
64.49,101.88,2020-01-10 11:30:00
64.58,102.14,2020-01-10 12:00:00
64.56,102.0,2020-01-10 12:30:00
64.53,102.06,2020-01-10 13:00:00
64.51,102.19,2020-01-10 13:30:00
63.53,99.36,2020-01-09 09:00:00
64.2,100.01,2020-01-09 09:30:00
64.4,100.2,2020-01-09 10:00:00
64.4,100.43,2020-01-09 10:30:00
64.31,100.78,2020-01-09 11:00:00
64.24,100.74,2020-01-09 11:30:00
64.19,100.74,2020-01-09 12:00:00
64.14,100.98,2020-01-09 12:30:00
64.07,101.13,2020-01-09 13:00:00
64.03,101.24,2020-01-09 13:30:00
64.22,99.45,2020-01-08 09:00:00
63.86,99.38,2020-01-08 09:30:00
63.65,99.08,2020-01-08 10:00:00
63.89,99.16,2020-01-08 10:30:00
63.9,99.29,2020-01-08 11:00:00
63.88,99.25,2020-01-08 11:30:00
63.84,99.26,2020-01-08 12:00:00
63.72,99.24,2020-01-08 12:30:00
63.67,99.24,2020-01-08 13:00:00
63.53,99.36,2020-01-08 13:30:00
64.92,99.49,2020-01-07 09:00:00
64.68,99.78,2020-01-07 09:30:00
64.69,99.94,2020-01-07 10:00:00
64.44,99.54,2020-01-07 10:30:00
64.31,99.47,2020-01-07 11:00:00
64.05,99.45,2020-01-07 11:30:00
64.19,99.65,2020-01-07 12:00:00
64.35,99.66,2020-01-07 12:30:00
64.41,99.65,2020-01-07 13:00:00
64.22,99.45,2020-01-07 13:30:00
65.34,99.64,2020-01-06 09:00:00
65.32,99.22,2020-01-06 09:30:00
64.88,99.12,2020-01-06 10:00:00
65.13,99.33,2020-01-06 10:30:00
65.12,99.34,2020-01-06 11:00:00
65.1,99.29,2020-01-06 11:30:00
65.14,99.39,2020-01-06 12:00:00
65.08,99.63,2020-01-06 12:30:00
65.03,99.58,2020-01-06 13:00:00
64.92,99.49,2020-01-06 13:30:00
65.8,100.62,2020-01-03 09:00:00
65.92,100.16,2020-01-03 09:30:00
65.7,100.21,2020-01-03 10:00:00
65.58,100.02,2020-01-03 10:30:00
65.24,99.69,2020-01-03 11:00:00
65.09,99.71,2020-01-03 11:30:00
65.27,99.65,2020-01-03 12:00:00
65.25,99.73,2020-01-03 12:30:00
65.39,99.69,2020-01-03 13:00:00
65.34,99.64,2020-01-03 13:30:00
65.38,99.99,2020-01-02 09:00:00
65.59,100.43,2020-01-02 09:30:00
65.57,100.78,2020-01-02 10:00:00
65.73,100.58,2020-01-02 10:30:00
65.68,100.82,2020-01-02 11:00:00
65.73,100.68,2020-01-02 11:30:00
65.8,100.77,2020-01-02 12:00:00
65.78,100.71,2020-01-02 12:30:00
65.77,100.71,2020-01-02 13:00:00
65.8,100.62,2020-01-02 13:30:00
64.95,100.13,2019-12-31 09:00:00
65.28,99.84,2019-12-31 09:30:00
65.43,99.65,2019-12-31 10:00:00
65.4,99.77,2019-12-31 10:30:00
65.4,99.8,2019-12-31 11:00:00
65.43,99.79,2019-12-31 11:30:00
65.31,99.95,2019-12-31 12:00:00
65.29,99.93,2019-12-31 12:30:00
65.28,99.84,2019-12-31 13:00:00
65.38,99.99,2019-12-31 13:30:00
64.53,100.35,2019-12-30 09:00:00
64.95,100.31,2019-12-30 09:30:00
64.87,99.9,2019-12-30 10:00:00
64.84,99.8,2019-12-30 10:30:00
64.92,99.86,2019-12-30 11:00:00
64.93,99.87,2019-12-30 11:30:00
65.03,99.96,2019-12-30 12:00:00
65.0,100.1,2019-12-30 12:30:00
64.98,100.17,2019-12-30 13:00:00
64.95,100.13,2019-12-30 13:30:00
64.46,100.27,2019-12-27 09:00:00
64.76,100.33,2019-12-27 09:30:00
64.72,100.37,2019-12-27 10:00:00
64.74,100.27,2019-12-27 10:30:00
64.67,100.34,2019-12-27 11:00:00
64.62,100.33,2019-12-27 11:30:00
64.67,100.35,2019-12-27 12:00:00
64.65,100.32,2019-12-27 12:30:00
64.56,100.31,2019-12-27 13:00:00
64.53,100.35,2019-12-27 13:30:00
64.4,100.05,2019-12-26 09:00:00
64.43,100.34,2019-12-26 09:30:00
64.38,100.56,2019-12-26 10:00:00
64.39,100.32,2019-12-26 10:30:00
64.43,100.43,2019-12-26 11:00:00
64.41,100.45,2019-12-26 11:30:00
64.42,100.48,2019-12-26 12:00:00
64.44,100.42,2019-12-26 12:30:00
64.52,100.46,2019-12-26 13:00:00
64.46,100.27,2019-12-26 13:30:00
64.29,99.9,2019-12-25 09:00:00
64.45,100.32,2019-12-25 09:30:00
64.52,100.32,2019-12-25 10:00:00
64.48,100.23,2019-12-25 10:30:00
64.46,100.32,2019-12-25 11:00:00
64.35,100.42,2019-12-25 11:30:00
64.32,100.22,2019-12-25 12:00:00
64.32,100.13,2019-12-25 12:30:00
64.36,100.04,2019-12-25 13:00:00
64.4,100.05,2019-12-25 13:30:00
64.51,99.77,2019-12-24 09:00:00
64.49,100.05,2019-12-24 09:30:00
64.46,100.05,2019-12-24 10:00:00
64.41,100.16,2019-12-24 10:30:00
64.42,100.18,2019-12-24 11:00:00
64.38,99.98,2019-12-24 11:30:00
64.38,100.04,2019-12-24 12:00:00
64.32,100.14,2019-12-24 12:30:00
64.3,100.0,2019-12-24 13:00:00
64.29,99.9,2019-12-24 13:30:00
64.23,99.5,2019-12-23 09:00:00
64.69,99.33,2019-12-23 09:30:00
64.75,99.48,2019-12-23 10:00:00
64.65,99.68,2019-12-23 10:30:00
64.56,99.71,2019-12-23 11:00:00
64.5,99.28,2019-12-23 11:30:00
64.49,99.31,2019-12-23 12:00:00
64.53,99.36,2019-12-23 12:30:00
64.46,99.56,2019-12-23 13:00:00
64.51,99.77,2019-12-23 13:30:00
64.14,99.81,2019-12-20 09:00:00
64.56,99.85,2019-12-20 09:30:00
64.69,99.95,2019-12-20 10:00:00
64.58,99.74,2019-12-20 10:30:00
64.58,99.63,2019-12-20 11:00:00
64.53,99.64,2019-12-20 11:30:00
64.42,99.51,2019-12-20 12:00:00
64.44,99.52,2019-12-20 12:30:00
64.43,99.56,2019-12-20 13:00:00
64.23,99.5,2019-12-20 13:30:00
63.99,99.46,2019-12-19 09:00:00
64.24,99.61,2019-12-19 09:30:00
64.22,99.47,2019-12-19 10:00:00
64.25,99.62,2019-12-19 10:30:00
64.17,99.64,2019-12-19 11:00:00
64.17,99.51,2019-12-19 11:30:00
64.14,99.62,2019-12-19 12:00:00
64.13,99.56,2019-12-19 12:30:00
64.07,99.6,2019-12-19 13:00:00
64.14,99.81,2019-12-19 13:30:00
64.25,99.68,2019-12-18 09:00:00
64.23,99.59,2019-12-18 09:30:00
64.19,99.44,2019-12-18 10:00:00
64.14,99.55,2019-12-18 10:30:00
64.06,99.67,2019-12-18 11:00:00
64.06,99.65,2019-12-18 11:30:00
64.05,99.48,2019-12-18 12:00:00
64.05,99.53,2019-12-18 12:30:00
64.03,99.61,2019-12-18 13:00:00
63.99,99.46,2019-12-18 13:30:00
63.98,99.14,2019-12-17 09:00:00
64.04,99.59,2019-12-17 09:30:00
64.07,99.72,2019-12-17 10:00:00
64.23,99.84,2019-12-17 10:30:00
64.19,99.76,2019-12-17 11:00:00
64.19,99.66,2019-12-17 11:30:00
64.17,99.79,2019-12-17 12:00:00
64.27,99.58,2019-12-17 12:30:00
64.32,99.73,2019-12-17 13:00:00
64.25,99.68,2019-12-17 13:30:00
63.4,98.52,2019-12-16 09:00:00
63.79,98.19,2019-12-16 09:30:00
64.03,98.8,2019-12-16 10:00:00
64.24,99.15,2019-12-16 10:30:00
64.02,99.1,2019-12-16 11:00:00
64.08,99.17,2019-12-16 11:30:00
64.06,99.12,2019-12-16 12:00:00
64.08,99.12,2019-12-16 12:30:00
64.04,99.12,2019-12-16 13:00:00
63.98,99.14,2019-12-16 13:30:00
64.01,98.59,2019-12-13 09:00:00
63.94,98.35,2019-12-13 09:30:00
63.79,98.56,2019-12-13 10:00:00
63.57,98.2,2019-12-13 10:30:00
63.6,98.25,2019-12-13 11:00:00
63.65,98.17,2019-12-13 11:30:00
63.54,98.13,2019-12-13 12:00:00
63.57,98.24,2019-12-13 12:30:00
63.49,98.16,2019-12-13 13:00:00
63.4,98.52,2019-12-13 13:30:00
64.57,98.4,2019-12-12 09:00:00
64.46,98.55,2019-12-12 09:30:00
64.38,98.59,2019-12-12 10:00:00
64.23,98.64,2019-12-12 10:30:00
64.28,98.85,2019-12-12 11:00:00
64.22,98.76,2019-12-12 11:30:00
64.24,98.66,2019-12-12 12:00:00
64.22,98.71,2019-12-12 12:30:00
64.14,98.71,2019-12-12 13:00:00
64.01,98.59,2019-12-12 13:30:00
64.74,98.29,2019-12-11 09:00:00
64.88,98.42,2019-12-11 09:30:00
64.87,98.27,2019-12-11 10:00:00
64.98,98.23,2019-12-11 10:30:00
64.92,98.21,2019-12-11 11:00:00
64.86,98.19,2019-12-11 11:30:00
64.8,98.16,2019-12-11 12:00:00
64.79,97.98,2019-12-11 12:30:00
64.7,98.07,2019-12-11 13:00:00
64.57,98.4,2019-12-11 13:30:00
65.09,98.4,2019-12-10 09:00:00
65.14,98.26,2019-12-10 09:30:00
65.06,98.54,2019-12-10 10:00:00
64.95,98.4,2019-12-10 10:30:00
64.82,98.51,2019-12-10 11:00:00
64.76,98.44,2019-12-10 11:30:00
64.7,98.6,2019-12-10 12:00:00
64.79,98.48,2019-12-10 12:30:00
64.84,98.53,2019-12-10 13:00:00
64.74,98.29,2019-12-10 13:30:00
65.74,98.01,2019-12-09 09:00:00
65.67,98.21,2019-12-09 09:30:00
65.56,98.18,2019-12-09 10:00:00
65.39,97.88,2019-12-09 10:30:00
65.42,97.78,2019-12-09 11:00:00
65.33,98.2,2019-12-09 11:30:00
65.31,98.1,2019-12-09 12:00:00
65.24,98.21,2019-12-09 12:30:00
65.24,98.06,2019-12-09 13:00:00
65.09,98.4,2019-12-09 13:30:00
65.53,97.9,2019-12-06 09:00:00
65.8,97.96,2019-12-06 09:30:00
65.83,98.13,2019-12-06 10:00:00
65.88,97.96,2019-12-06 10:30:00
65.74,97.88,2019-12-06 11:00:00
65.67,97.77,2019-12-06 11:30:00
65.6,97.73,2019-12-06 12:00:00
65.57,97.76,2019-12-06 12:30:00
65.63,97.9,2019-12-06 13:00:00
65.74,98.01,2019-12-06 13:30:00
65.32,98.43,2019-12-05 09:00:00
65.7,98.68,2019-12-05 09:30:00
65.59,98.49,2019-12-05 10:00:00
65.57,98.44,2019-12-05 10:30:00
65.57,98.45,2019-12-05 11:00:00
65.51,98.31,2019-12-05 11:30:00
65.54,98.22,2019-12-05 12:00:00
65.51,98.06,2019-12-05 12:30:00
65.47,98.09,2019-12-05 13:00:00
65.53,97.9,2019-12-05 13:30:00
65.46,98.55,2019-12-04 09:00:00
65.55,98.34,2019-12-04 09:30:00
65.44,98.17,2019-12-04 10:00:00
65.38,98.1,2019-12-04 10:30:00
65.38,98.1,2019-12-04 11:00:00
65.27,98.08,2019-12-04 11:30:00
65.26,98.13,2019-12-04 12:00:00
65.27,98.2,2019-12-04 12:30:00
65.31,98.15,2019-12-04 13:00:00
65.32,98.43,2019-12-04 13:30:00
65.32,98.22,2019-12-03 09:00:00
65.68,98.57,2019-12-03 09:30:00
65.65,98.39,2019-12-03 10:00:00
65.59,98.44,2019-12-03 10:30:00
65.58,98.56,2019-12-03 11:00:00
65.55,98.43,2019-12-03 11:30:00
65.54,98.32,2019-12-03 12:00:00
65.51,98.31,2019-12-03 12:30:00
65.46,98.39,2019-12-03 13:00:00
65.46,98.55,2019-12-03 13:30:00
65.76,98.66,2019-12-02 09:00:00
65.47,98.95,2019-12-02 09:30:00
64.91,98.66,2019-12-02 10:00:00
65.01,98.54,2019-12-02 10:30:00
65.08,98.3,2019-12-02 11:00:00
65.2,98.47,2019-12-02 11:30:00
65.24,98.37,2019-12-02 12:00:00
65.22,98.41,2019-12-02 12:30:00
65.36,98.39,2019-12-02 13:00:00
65.32,98.22,2019-12-02 13:30:00
66.5,99.58,2019-11-29 09:00:00
66.4,99.29,2019-11-29 09:30:00
66.03,99.15,2019-11-29 10:00:00
66.11,98.91,2019-11-29 10:30:00
66.03,98.62,2019-11-29 11:00:00
66.01,98.6,2019-11-29 11:30:00
65.89,98.46,2019-11-29 12:00:00
65.78,98.4,2019-11-29 12:30:00
65.76,98.32,2019-11-29 13:00:00
65.76,98.66,2019-11-29 13:30:00
66.18,99.28,2019-11-28 09:00:00
66.06,99.18,2019-11-28 09:30:00
66.26,99.02,2019-11-28 10:00:00
66.44,99.03,2019-11-28 10:30:00
66.53,99.17,2019-11-28 11:00:00
66.67,99.18,2019-11-28 11:30:00
66.84,99.16,2019-11-28 12:00:00
66.62,99.13,2019-11-28 12:30:00
66.6,99.09,2019-11-28 13:00:00
66.5,99.58,2019-11-28 13:30:00
66.01,98.73,2019-11-27 09:00:00
66.4,99.19,2019-11-27 09:30:00
66.3,99.03,2019-11-27 10:00:00
66.48,98.97,2019-11-27 10:30:00
66.24,98.84,2019-11-27 11:00:00
66.29,98.75,2019-11-27 11:30:00
66.27,99.03,2019-11-27 12:00:00
66.23,98.94,2019-11-27 12:30:00
66.2,99.24,2019-11-27 13:00:00
66.18,99.28,2019-11-27 13:30:00
66.05,97.55,2019-11-26 09:00:00
66.04,98.57,2019-11-26 09:30:00
66.02,99.01,2019-11-26 10:00:00
65.92,98.89,2019-11-26 10:30:00
65.93,98.88,2019-11-26 11:00:00
66.04,98.77,2019-11-26 11:30:00
66.04,98.78,2019-11-26 12:00:00
65.97,98.69,2019-11-26 12:30:00
65.99,99.01,2019-11-26 13:00:00
66.01,98.73,2019-11-26 13:30:00
65.9,96.73,2019-11-25 09:00:00
66.45,97.33,2019-11-25 09:30:00
66.32,97.38,2019-11-25 10:00:00
66.26,97.37,2019-11-25 10:30:00
66.33,97.5,2019-11-25 11:00:00
66.19,97.46,2019-11-25 11:30:00
66.2,97.46,2019-11-25 12:00:00
66.13,97.4,2019-11-25 12:30:00
66.23,97.5,2019-11-25 13:00:00
66.05,97.55,2019-11-25 13:30:00
65.24,96.89,2019-11-22 09:00:00
65.97,96.63,2019-11-22 09:30:00
65.83,96.61,2019-11-22 10:00:00
65.97,96.71,2019-11-22 10:30:00
65.96,96.49,2019-11-22 11:00:00
66.0,96.51,2019-11-22 11:30:00
65.92,96.44,2019-11-22 12:00:00
65.91,96.41,2019-11-22 12:30:00
65.93,96.48,2019-11-22 13:00:00
65.9,96.73,2019-11-22 13:30:00
64.93,97.29,2019-11-21 09:00:00
65.18,96.57,2019-11-21 09:30:00
65.03,96.17,2019-11-21 10:00:00
65.26,96.39,2019-11-21 10:30:00
65.24,96.4,2019-11-21 11:00:00
65.35,96.34,2019-11-21 11:30:00
65.28,96.3,2019-11-21 12:00:00
65.29,96.27,2019-11-21 12:30:00
65.26,96.35,2019-11-21 13:00:00
65.24,96.89,2019-11-21 13:30:00
64.26,97.88,2019-11-20 09:00:00
64.47,97.42,2019-11-20 09:30:00
64.7,97.22,2019-11-20 10:00:00
64.86,97.29,2019-11-20 10:30:00
64.63,97.29,2019-11-20 11:00:00
64.64,97.3,2019-11-20 11:30:00
64.64,97.1,2019-11-20 12:00:00
64.7,97.1,2019-11-20 12:30:00
64.76,97.28,2019-11-20 13:00:00
64.93,97.29,2019-11-20 13:30:00
63.66,98.29,2019-11-19 09:00:00
64.44,98.39,2019-11-19 09:30:00
64.51,98.23,2019-11-19 10:00:00
64.48,98.36,2019-11-19 10:30:00
64.4,98.16,2019-11-19 11:00:00
64.3,98.06,2019-11-19 11:30:00
64.22,97.96,2019-11-19 12:00:00
64.24,97.79,2019-11-19 12:30:00
64.25,97.69,2019-11-19 13:00:00
64.26,97.88,2019-11-19 13:30:00
63.49,98.22,2019-11-18 09:00:00
63.91,98.33,2019-11-18 09:30:00
63.94,98.5,2019-11-18 10:00:00
63.9,98.5,2019-11-18 10:30:00
63.89,98.52,2019-11-18 11:00:00
63.94,98.46,2019-11-18 11:30:00
63.92,98.53,2019-11-18 12:00:00
63.73,98.38,2019-11-18 12:30:00
63.66,98.15,2019-11-18 13:00:00
63.66,98.29,2019-11-18 13:30:00
63.09,97.52,2019-11-15 09:00:00
63.12,98.1,2019-11-15 09:30:00
63.09,98.22,2019-11-15 10:00:00
63.2,98.18,2019-11-15 10:30:00
63.37,98.19,2019-11-15 11:00:00
63.4,98.36,2019-11-15 11:30:00
63.43,98.4,2019-11-15 12:00:00
63.58,98.35,2019-11-15 12:30:00
63.53,98.44,2019-11-15 13:00:00
63.49,98.22,2019-11-15 13:30:00
63.18,98.2,2019-11-14 09:00:00
63.2,97.36,2019-11-14 09:30:00
63.11,97.43,2019-11-14 10:00:00
63.03,97.44,2019-11-14 10:30:00
63.05,97.4,2019-11-14 11:00:00
63.19,97.55,2019-11-14 11:30:00
63.19,97.64,2019-11-14 12:00:00
63.14,97.54,2019-11-14 12:30:00
63.16,97.55,2019-11-14 13:00:00
63.09,97.52,2019-11-14 13:30:00
62.86,98.67,2019-11-13 09:00:00
63.58,98.63,2019-11-13 09:30:00
63.22,98.34,2019-11-13 10:00:00
63.18,98.21,2019-11-13 10:30:00
63.11,97.88,2019-11-13 11:00:00
63.13,97.98,2019-11-13 11:30:00
63.18,97.89,2019-11-13 12:00:00
63.19,97.92,2019-11-13 12:30:00
63.21,98.15,2019-11-13 13:00:00
63.18,98.2,2019-11-13 13:30:00
62.59,98.16,2019-11-12 09:00:00
62.93,98.35,2019-11-12 09:30:00
62.81,98.07,2019-11-12 10:00:00
62.78,98.05,2019-11-12 10:30:00
62.75,98.24,2019-11-12 11:00:00
62.74,98.36,2019-11-12 11:30:00
62.74,98.27,2019-11-12 12:00:00
62.72,98.37,2019-11-12 12:30:00
62.78,98.12,2019-11-12 13:00:00
62.86,98.67,2019-11-12 13:30:00
63.72,100.09,2019-11-11 09:00:00
63.01,99.16,2019-11-11 09:30:00
63.03,98.99,2019-11-11 10:00:00
62.89,98.37,2019-11-11 10:30:00
62.82,98.24,2019-11-11 11:00:00
62.75,98.08,2019-11-11 11:30:00
62.82,98.41,2019-11-11 12:00:00
62.67,98.54,2019-11-11 12:30:00
62.62,98.23,2019-11-11 13:00:00
62.59,98.16,2019-11-11 13:30:00
63.75,100.24,2019-11-08 09:00:00
63.74,99.73,2019-11-08 09:30:00
63.73,99.68,2019-11-08 10:00:00
63.6,99.83,2019-11-08 10:30:00
63.76,99.8,2019-11-08 11:00:00
63.82,100.13,2019-11-08 11:30:00
63.81,100.19,2019-11-08 12:00:00
63.73,100.1,2019-11-08 12:30:00
63.78,99.96,2019-11-08 13:00:00
63.72,100.09,2019-11-08 13:30:00
64.24,100.8,2019-11-07 09:00:00
64.27,100.64,2019-11-07 09:30:00
64.16,100.36,2019-11-07 10:00:00
64.05,100.16,2019-11-07 10:30:00
64.11,100.13,2019-11-07 11:00:00
63.84,99.79,2019-11-07 11:30:00
63.84,99.93,2019-11-07 12:00:00
63.88,99.93,2019-11-07 12:30:00
63.87,100.1,2019-11-07 13:00:00
63.75,100.24,2019-11-07 13:30:00
64.29,100.76,2019-11-06 09:00:00
64.49,100.75,2019-11-06 09:30:00
64.57,100.78,2019-11-06 10:00:00
64.25,100.77,2019-11-06 10:30:00
64.19,100.62,2019-11-06 11:00:00
64.17,100.52,2019-11-06 11:30:00
64.27,100.59,2019-11-06 12:00:00
64.18,100.48,2019-11-06 12:30:00
64.23,100.72,2019-11-06 13:00:00
64.24,100.8,2019-11-06 13:30:00
64.03,100.84,2019-11-05 09:00:00
64.35,100.74,2019-11-05 09:30:00
64.31,100.62,2019-11-05 10:00:00
64.32,100.43,2019-11-05 10:30:00
64.33,100.54,2019-11-05 11:00:00
64.23,100.69,2019-11-05 11:30:00
64.22,100.61,2019-11-05 12:00:00
64.19,100.65,2019-11-05 12:30:00
64.13,100.57,2019-11-05 13:00:00
64.29,100.76,2019-11-05 13:30:00
63.44,99.97,2019-11-04 09:00:00
63.78,100.63,2019-11-04 09:30:00
64.11,100.86,2019-11-04 10:00:00
64.06,100.69,2019-11-04 10:30:00
64.06,100.79,2019-11-04 11:00:00
63.99,100.81,2019-11-04 11:30:00
64.04,100.61,2019-11-04 12:00:00
63.97,100.54,2019-11-04 12:30:00
64.12,100.72,2019-11-04 13:00:00
64.03,100.84,2019-11-04 13:30:00
63.13,99.62,2019-11-01 09:00:00
63.22,99.94,2019-11-01 09:30:00
63.39,99.92,2019-11-01 10:00:00
63.36,100.27,2019-11-01 10:30:00
63.38,100.35,2019-11-01 11:00:00
63.32,100.18,2019-11-01 11:30:00
63.28,100.07,2019-11-01 12:00:00
63.27,99.96,2019-11-01 12:30:00
63.37,99.87,2019-11-01 13:00:00
63.44,99.97,2019-11-01 13:30:00
